signature,file,startline,startcol,endline,endcol,properties
Landroid/app/usage/NetworkStatsManager;->setPollForce(Z)V,packages/modules/Connectivity/framework-t/src/android/app/usage/NetworkStatsManager.java,203,5,203,88,maxTargetSdk=30&trackingBug=170729553L
Landroid/net/ConnectivityManager$PacketKeepalive;->stop()V,packages/modules/Connectivity/framework/src/android/net/ConnectivityManager.java,2472,9,2472,92,maxTargetSdk=30&trackingBug=170729553L
Landroid/net/ConnectivityManager$PacketKeepaliveCallback;-><init>()V,packages/modules/Connectivity/framework/src/android/net/ConnectivityManager.java,2396,9,2396,92,maxTargetSdk=30&trackingBug=170729553L
Landroid/net/ConnectivityManager$PacketKeepaliveCallback;->onStarted()V,packages/modules/Connectivity/framework/src/android/net/ConnectivityManager.java,2400,9,2400,92,maxTargetSdk=30&trackingBug=170729553L
Landroid/net/ConnectivityManager$PacketKeepaliveCallback;->onStopped()V,packages/modules/Connectivity/framework/src/android/net/ConnectivityManager.java,2405,9,2405,92,maxTargetSdk=30&trackingBug=170729553L
Landroid/net/ConnectivityManager$PacketKeepaliveCallback;->onError(I)V,packages/modules/Connectivity/framework/src/android/net/ConnectivityManager.java,2410,9,2410,92,maxTargetSdk=30&trackingBug=170729553L
Landroid/net/ConnectivityManager;->INET_CONDITION_ACTION:Ljava/lang/String;,packages/modules/Connectivity/framework/src/android/net/ConnectivityManager.java,368,5,368,25,
Landroid/net/ConnectivityManager;->ACTION_TETHER_STATE_CHANGED:Ljava/lang/String;,packages/modules/Connectivity/framework/src/android/net/ConnectivityManager.java,383,5,383,88,maxTargetSdk=30&trackingBug=170729553L
Landroid/net/ConnectivityManager;->EXTRA_AVAILABLE_TETHER:Ljava/lang/String;,packages/modules/Connectivity/framework/src/android/net/ConnectivityManager.java,392,5,392,88,maxTargetSdk=30&trackingBug=170729553L
Landroid/net/ConnectivityManager;->EXTRA_ACTIVE_TETHER:Ljava/lang/String;,packages/modules/Connectivity/framework/src/android/net/ConnectivityManager.java,407,5,407,88,maxTargetSdk=30&trackingBug=170729553L
Landroid/net/ConnectivityManager;->EXTRA_ERRORED_TETHER:Ljava/lang/String;,packages/modules/Connectivity/framework/src/android/net/ConnectivityManager.java,416,5,416,88,maxTargetSdk=30&trackingBug=170729553L
Landroid/net/ConnectivityManager;->TYPE_MOBILE_FOTA:I,packages/modules/Connectivity/framework/src/android/net/ConnectivityManager.java,680,5,680,88,maxTargetSdk=28&trackingBug=130143562L
Landroid/net/ConnectivityManager;->TYPE_MOBILE_IMS:I,packages/modules/Connectivity/framework/src/android/net/ConnectivityManager.java,689,5,689,25,
Landroid/net/ConnectivityManager;->TYPE_MOBILE_CBS:I,packages/modules/Connectivity/framework/src/android/net/ConnectivityManager.java,698,5,698,88,maxTargetSdk=28&trackingBug=130143562L
Landroid/net/ConnectivityManager;->TYPE_MOBILE_IA:I,packages/modules/Connectivity/framework/src/android/net/ConnectivityManager.java,717,5,717,25,
Landroid/net/ConnectivityManager;->TYPE_MOBILE_EMERGENCY:I,packages/modules/Connectivity/framework/src/android/net/ConnectivityManager.java,727,5,727,88,maxTargetSdk=28&trackingBug=130143562L
Landroid/net/ConnectivityManager;->mService:Landroid/net/IConnectivityManager;,packages/modules/Connectivity/framework/src/android/net/ConnectivityManager.java,990,5,990,88,maxTargetSdk=28&trackingBug=130143562L
Landroid/net/ConnectivityManager;->getNetworkTypeName(I)Ljava/lang/String;,packages/modules/Connectivity/framework/src/android/net/ConnectivityManager.java,1299,5,1299,88,maxTargetSdk=30&trackingBug=170729553L
Landroid/net/ConnectivityManager;->isNetworkTypeMobile(I)Z,packages/modules/Connectivity/framework/src/android/net/ConnectivityManager.java,1368,5,1368,88,maxTargetSdk=28&trackingBug=130143562L
Landroid/net/ConnectivityManager;->getActiveNetworkInfoForUid(I)Landroid/net/NetworkInfo;,packages/modules/Connectivity/framework/src/android/net/ConnectivityManager.java,1740,5,1740,88,maxTargetSdk=30&trackingBug=170729553L
Landroid/net/ConnectivityManager;->getNetworkForType(I)Landroid/net/Network;,packages/modules/Connectivity/framework/src/android/net/ConnectivityManager.java,1859,5,1859,25,
Landroid/net/ConnectivityManager;->getDefaultNetworkCapabilitiesForUser(I)[Landroid/net/NetworkCapabilities;,packages/modules/Connectivity/framework/src/android/net/ConnectivityManager.java,1896,5,1896,25,
Landroid/net/ConnectivityManager;->getActiveLinkProperties()Landroid/net/LinkProperties;,packages/modules/Connectivity/framework/src/android/net/ConnectivityManager.java,1920,5,1920,88,maxTargetSdk=28&trackingBug=109783091L
Landroid/net/ConnectivityManager;->getLinkProperties(I)Landroid/net/LinkProperties;,packages/modules/Connectivity/framework/src/android/net/ConnectivityManager.java,1945,5,1945,88,maxTargetSdk=28&trackingBug=130143562L
Landroid/net/ConnectivityManager;->networkCapabilitiesForFeature(ILjava/lang/String;)Landroid/net/NetworkCapabilities;,packages/modules/Connectivity/framework/src/android/net/ConnectivityManager.java,2182,5,2182,88,maxTargetSdk=30&trackingBug=170729553L
Landroid/net/ConnectivityManager;->sLegacyRequests:Ljava/util/HashMap;,packages/modules/Connectivity/framework/src/android/net/ConnectivityManager.java,2268,5,2268,88,maxTargetSdk=30&trackingBug=170729553L
Landroid/net/ConnectivityManager;->requestNetworkForFeatureLocked(Landroid/net/NetworkCapabilities;)Landroid/net/NetworkRequest;,packages/modules/Connectivity/framework/src/android/net/ConnectivityManager.java,2297,5,2297,88,maxTargetSdk=30&trackingBug=170729553L
Landroid/net/ConnectivityManager;->removeRequestForFeature(Landroid/net/NetworkCapabilities;)Z,packages/modules/Connectivity/framework/src/android/net/ConnectivityManager.java,2327,5,2327,88,maxTargetSdk=30&trackingBug=170729553L
Landroid/net/ConnectivityManager;->startNattKeepalive(Landroid/net/Network;ILandroid/net/ConnectivityManager$PacketKeepaliveCallback;Ljava/net/InetAddress;ILjava/net/InetAddress;)Landroid/net/ConnectivityManager$PacketKeepalive;,packages/modules/Connectivity/framework/src/android/net/ConnectivityManager.java,2573,5,2573,88,maxTargetSdk=30&trackingBug=170729553L
Landroid/net/ConnectivityManager;->requestRouteToHostAddress(ILjava/net/InetAddress;)Z,packages/modules/Connectivity/framework/src/android/net/ConnectivityManager.java,2773,5,2773,25,
Landroid/net/ConnectivityManager;->setBackgroundDataSetting(Z)V,packages/modules/Connectivity/framework/src/android/net/ConnectivityManager.java,2819,5,2819,25,
Landroid/net/ConnectivityManager;->getMobileDataEnabled()Z,packages/modules/Connectivity/framework/src/android/net/ConnectivityManager.java,2829,5,2829,25,
Landroid/net/ConnectivityManager;->from(Landroid/content/Context;)Landroid/net/ConnectivityManager;,packages/modules/Connectivity/framework/src/android/net/ConnectivityManager.java,2956,5,2956,25,
Landroid/net/ConnectivityManager;->getInstance()Landroid/net/ConnectivityManager;,packages/modules/Connectivity/framework/src/android/net/ConnectivityManager.java,3001,5,3001,25,
Landroid/net/ConnectivityManager;->getTetherableIfaces()[Ljava/lang/String;,packages/modules/Connectivity/framework/src/android/net/ConnectivityManager.java,3019,5,3019,25,
Landroid/net/ConnectivityManager;->getTetheredIfaces()[Ljava/lang/String;,packages/modules/Connectivity/framework/src/android/net/ConnectivityManager.java,3034,5,3034,25,
Landroid/net/ConnectivityManager;->getTetheringErroredIfaces()[Ljava/lang/String;,packages/modules/Connectivity/framework/src/android/net/ConnectivityManager.java,3055,5,3055,25,
Landroid/net/ConnectivityManager;->tether(Ljava/lang/String;)I,packages/modules/Connectivity/framework/src/android/net/ConnectivityManager.java,3100,5,3100,88,maxTargetSdk=30&trackingBug=170729553L
Landroid/net/ConnectivityManager;->untether(Ljava/lang/String;)I,packages/modules/Connectivity/framework/src/android/net/ConnectivityManager.java,3125,5,3125,25,
Landroid/net/ConnectivityManager;->getTetherableUsbRegexs()[Ljava/lang/String;,packages/modules/Connectivity/framework/src/android/net/ConnectivityManager.java,3363,5,3363,25,
Landroid/net/ConnectivityManager;->getTetherableWifiRegexs()[Ljava/lang/String;,packages/modules/Connectivity/framework/src/android/net/ConnectivityManager.java,3381,5,3381,25,
Landroid/net/ConnectivityManager;->getTetherableBluetoothRegexs()[Ljava/lang/String;,packages/modules/Connectivity/framework/src/android/net/ConnectivityManager.java,3400,5,3400,25,
Landroid/net/ConnectivityManager;->setUsbTethering(Z)I,packages/modules/Connectivity/framework/src/android/net/ConnectivityManager.java,3424,5,3424,25,
Landroid/net/ConnectivityManager;->getLastTetherError(Ljava/lang/String;)I,packages/modules/Connectivity/framework/src/android/net/ConnectivityManager.java,3540,5,3540,88,maxTargetSdk=30&trackingBug=170729553L
Landroid/net/ConnectivityManager;->isNetworkSupported(I)Z,packages/modules/Connectivity/framework/src/android/net/ConnectivityManager.java,3789,5,3789,88,maxTargetSdk=28&trackingBug=130143562L
Landroid/net/ConnectivityManager;->setProcessDefaultNetworkForHostResolution(Landroid/net/Network;)Z,packages/modules/Connectivity/framework/src/android/net/ConnectivityManager.java,5998,5,5998,88,maxTargetSdk=30&trackingBug=170729553L
Landroid/net/EthernetManager$Listener;->onAvailabilityChanged(Ljava/lang/String;Z)V,packages/modules/Connectivity/framework-t/src/android/net/EthernetManager.java,165,9,165,92,maxTargetSdk=30&trackingBug=170729553L
Landroid/net/EthernetManager;->getConfiguration(Ljava/lang/String;)Landroid/net/IpConfiguration;,packages/modules/Connectivity/framework-t/src/android/net/EthernetManager.java,192,5,192,88,maxTargetSdk=30&trackingBug=170729553L
Landroid/net/EthernetManager;->setConfiguration(Ljava/lang/String;Landroid/net/IpConfiguration;)V,packages/modules/Connectivity/framework-t/src/android/net/EthernetManager.java,205,5,205,88,maxTargetSdk=30&trackingBug=170729553L
Landroid/net/EthernetManager;->isAvailable()Z,packages/modules/Connectivity/framework-t/src/android/net/EthernetManager.java,218,5,218,88,maxTargetSdk=30&trackingBug=170729553L
Landroid/net/EthernetManager;->isAvailable(Ljava/lang/String;)Z,packages/modules/Connectivity/framework-t/src/android/net/EthernetManager.java,229,5,229,88,maxTargetSdk=30&trackingBug=170729553L
Landroid/net/EthernetManager;->addListener(Landroid/net/EthernetManager$Listener;)V,packages/modules/Connectivity/framework-t/src/android/net/EthernetManager.java,246,5,246,88,maxTargetSdk=30&trackingBug=170729553L
Landroid/net/EthernetManager;->addListener(Landroid/net/EthernetManager$Listener;Ljava/util/concurrent/Executor;)V,packages/modules/Connectivity/framework-t/src/android/net/EthernetManager.java,260,5,260,88,maxTargetSdk=30&trackingBug=170729553L
Landroid/net/EthernetManager;->getAvailableInterfaces()[Ljava/lang/String;,packages/modules/Connectivity/framework-t/src/android/net/EthernetManager.java,319,5,319,88,maxTargetSdk=30&trackingBug=170729553L
Landroid/net/EthernetManager;->removeListener(Landroid/net/EthernetManager$Listener;)V,packages/modules/Connectivity/framework-t/src/android/net/EthernetManager.java,359,5,359,88,maxTargetSdk=30&trackingBug=170729553L
Landroid/net/IConnectivityManager;->getActiveNetworkInfo()Landroid/net/NetworkInfo;,packages/modules/Connectivity/framework/src/android/net/IConnectivityManager.aidl,62,1,62,25,
Landroid/net/IConnectivityManager;->getNetworkInfo(I)Landroid/net/NetworkInfo;,packages/modules/Connectivity/framework/src/android/net/IConnectivityManager.aidl,65,1,65,44,maxTargetSdk=28
Landroid/net/IConnectivityManager;->getAllNetworkInfo()[Landroid/net/NetworkInfo;,packages/modules/Connectivity/framework/src/android/net/IConnectivityManager.aidl,68,1,68,25,
Landroid/net/IConnectivityManager;->getActiveLinkProperties()Landroid/net/LinkProperties;,packages/modules/Connectivity/framework/src/android/net/IConnectivityManager.aidl,77,1,77,25,
Landroid/net/IConnectivityManager;->getAllNetworkState()[Landroid/net/NetworkState;,packages/modules/Connectivity/framework/src/android/net/IConnectivityManager.aidl,90,1,90,69,maxTargetSdk=30&trackingBug=170729553L
Landroid/net/IConnectivityManager;->getLastTetherError(Ljava/lang/String;)I,packages/modules/Connectivity/framework/src/android/net/IConnectivityManager.aidl,100,1,101,99,maxTargetSdk=29&publicAlternatives=%22Use+%7B%40code+TetheringManager%23getLastTetherError%7D+as+alternative%22
Landroid/net/IConnectivityManager;->getTetherableIfaces()[Ljava/lang/String;,packages/modules/Connectivity/framework/src/android/net/IConnectivityManager.aidl,104,1,105,100,maxTargetSdk=29&publicAlternatives=%22Use+%7B%40code+TetheringManager%23getTetherableIfaces%7D+as+alternative%22
Landroid/net/IConnectivityManager;->getTetheredIfaces()[Ljava/lang/String;,packages/modules/Connectivity/framework/src/android/net/IConnectivityManager.aidl,108,1,109,98,maxTargetSdk=29&publicAlternatives=%22Use+%7B%40code+TetheringManager%23getTetheredIfaces%7D+as+alternative%22
Landroid/net/IConnectivityManager;->getTetheringErroredIfaces()[Ljava/lang/String;,packages/modules/Connectivity/framework/src/android/net/IConnectivityManager.aidl,112,1,114,32,maxTargetSdk=29&publicAlternatives=%22Use+%7B%40code+TetheringManager%23getTetheringErroredIfaces%7D+as+Alternative%22
Landroid/net/IConnectivityManager;->getTetherableUsbRegexs()[Ljava/lang/String;,packages/modules/Connectivity/framework/src/android/net/IConnectivityManager.aidl,117,1,118,103,maxTargetSdk=29&publicAlternatives=%22Use+%7B%40code+TetheringManager%23getTetherableUsbRegexs%7D+as+alternative%22
Landroid/net/IConnectivityManager;->getTetherableWifiRegexs()[Ljava/lang/String;,packages/modules/Connectivity/framework/src/android/net/IConnectivityManager.aidl,121,1,122,104,maxTargetSdk=29&publicAlternatives=%22Use+%7B%40code+TetheringManager%23getTetherableWifiRegexs%7D+as+alternative%22
Landroid/net/IConnectivityManager;->reportInetCondition(II)V,packages/modules/Connectivity/framework/src/android/net/IConnectivityManager.aidl,125,1,125,44,maxTargetSdk=28
Landroid/net/INetworkStatsService;->openSession()Landroid/net/INetworkStatsSession;,packages/modules/Connectivity/framework-t/src/android/net/INetworkStatsService.aidl,38,1,38,25,
Landroid/net/INetworkStatsService;->openSessionForUsageStats(ILjava/lang/String;)Landroid/net/INetworkStatsSession;,packages/modules/Connectivity/framework-t/src/android/net/INetworkStatsService.aidl,47,1,47,69,maxTargetSdk=30&trackingBug=170729553L
Landroid/net/INetworkStatsService;->getDataLayerSnapshotForUid(I)Landroid/net/NetworkStats;,packages/modules/Connectivity/framework-t/src/android/net/INetworkStatsService.aidl,51,1,51,25,
Landroid/net/INetworkStatsService;->getMobileIfaces()[Ljava/lang/String;,packages/modules/Connectivity/framework-t/src/android/net/INetworkStatsService.aidl,58,1,58,25,
Landroid/net/INetworkStatsService;->forceUpdate()V,packages/modules/Connectivity/framework-t/src/android/net/INetworkStatsService.aidl,71,1,71,25,
Landroid/net/INetworkStatsSession;->getSummaryForNetwork(Landroid/net/NetworkTemplate;JJ)Landroid/net/NetworkStats;,packages/modules/Connectivity/framework-t/src/android/net/INetworkStatsSession.aidl,30,1,30,25,
Landroid/net/INetworkStatsSession;->getHistoryForNetwork(Landroid/net/NetworkTemplate;I)Landroid/net/NetworkStatsHistory;,packages/modules/Connectivity/framework-t/src/android/net/INetworkStatsSession.aidl,33,1,33,25,
Landroid/net/INetworkStatsSession;->getSummaryForAllUid(Landroid/net/NetworkTemplate;JJZ)Landroid/net/NetworkStats;,packages/modules/Connectivity/framework-t/src/android/net/INetworkStatsSession.aidl,52,1,52,25,
Landroid/net/INetworkStatsSession;->getHistoryForUid(Landroid/net/NetworkTemplate;IIII)Landroid/net/NetworkStatsHistory;,packages/modules/Connectivity/framework-t/src/android/net/INetworkStatsSession.aidl,59,1,59,25,
Landroid/net/INetworkStatsSession;->close()V,packages/modules/Connectivity/framework-t/src/android/net/INetworkStatsSession.aidl,67,1,67,25,
Landroid/net/IpConfiguration;->httpProxy:Landroid/net/ProxyInfo;,packages/modules/Connectivity/framework/src/android/net/IpConfiguration.java,84,5,84,25,
Landroid/net/IpConfiguration;-><init>(Landroid/net/IpConfiguration$IpAssignment;Landroid/net/IpConfiguration$ProxySettings;Landroid/net/StaticIpConfiguration;Landroid/net/ProxyInfo;)V,packages/modules/Connectivity/framework/src/android/net/IpConfiguration.java,106,5,106,88,maxTargetSdk=30&trackingBug=170729553L
Landroid/net/LinkAddress;->address:Ljava/net/InetAddress;,packages/modules/Connectivity/framework/src/android/net/LinkAddress.java,83,5,83,88,maxTargetSdk=28&trackingBug=115609023L
Landroid/net/LinkAddress;->prefixLength:I,packages/modules/Connectivity/framework/src/android/net/LinkAddress.java,89,5,89,88,maxTargetSdk=28&trackingBug=115609023L
Landroid/net/LinkAddress;->isIPv6()Z,packages/modules/Connectivity/framework/src/android/net/LinkAddress.java,170,5,170,63,maxTargetSdk=28
Landroid/net/LinkAddress;->getNetworkPrefixLength()I,packages/modules/Connectivity/framework/src/android/net/LinkAddress.java,410,5,410,25,
Landroid/net/LinkProperties;->mIfaceName:Ljava/lang/String;,packages/modules/Connectivity/framework/src/android/net/LinkProperties.java,61,5,61,88,maxTargetSdk=28&trackingBug=115609023L
Landroid/net/LinkProperties;->compareProvisioning(Landroid/net/LinkProperties;Landroid/net/LinkProperties;)Landroid/net/LinkProperties$ProvisioningChange;,packages/modules/Connectivity/framework/src/android/net/LinkProperties.java,121,5,121,88,maxTargetSdk=30&trackingBug=170729553L
Landroid/net/LinkProperties;->getAllAddresses()Ljava/util/List;,packages/modules/Connectivity/framework/src/android/net/LinkProperties.java,270,5,270,25,
Landroid/net/LinkProperties;->addStackedLink(Landroid/net/LinkProperties;)Z,packages/modules/Connectivity/framework/src/android/net/LinkProperties.java,853,5,853,25,
Landroid/net/LinkProperties;->getStackedLinks()Ljava/util/List;,packages/modules/Connectivity/framework/src/android/net/LinkProperties.java,881,5,881,88,maxTargetSdk=30&trackingBug=170729553L
Landroid/net/LinkProperties;->hasIPv4Address()Z,packages/modules/Connectivity/framework/src/android/net/LinkProperties.java,1053,5,1053,63,maxTargetSdk=28
Landroid/net/LinkProperties;->hasGlobalIPv6Address()Z,packages/modules/Connectivity/framework/src/android/net/LinkProperties.java,1108,5,1108,63,maxTargetSdk=28
Landroid/net/LinkProperties;->hasIPv4DefaultRoute()Z,packages/modules/Connectivity/framework/src/android/net/LinkProperties.java,1151,5,1151,63,maxTargetSdk=28
Landroid/net/LinkProperties;->hasIPv6DefaultRoute()Z,packages/modules/Connectivity/framework/src/android/net/LinkProperties.java,1179,5,1179,63,maxTargetSdk=28
Landroid/net/LinkProperties;->hasIPv4DnsServer()Z,packages/modules/Connectivity/framework/src/android/net/LinkProperties.java,1207,5,1207,63,maxTargetSdk=28
Landroid/net/LinkProperties;->hasIPv6DnsServer()Z,packages/modules/Connectivity/framework/src/android/net/LinkProperties.java,1235,5,1235,63,maxTargetSdk=28
Landroid/net/LinkProperties;->isIPv6Provisioned()Z,packages/modules/Connectivity/framework/src/android/net/LinkProperties.java,1305,5,1305,63,maxTargetSdk=28
Landroid/net/LinkProperties;->isIdenticalInterfaceName(Landroid/net/LinkProperties;)Z,packages/modules/Connectivity/framework/src/android/net/LinkProperties.java,1383,5,1383,25,
Landroid/net/LinkProperties;->isIdenticalAddresses(Landroid/net/LinkProperties;)Z,packages/modules/Connectivity/framework/src/android/net/LinkProperties.java,1406,5,1406,25,
Landroid/net/LinkProperties;->isIdenticalDnses(Landroid/net/LinkProperties;)Z,packages/modules/Connectivity/framework/src/android/net/LinkProperties.java,1418,5,1418,25,
Landroid/net/LinkProperties;->isIdenticalRoutes(Landroid/net/LinkProperties;)Z,packages/modules/Connectivity/framework/src/android/net/LinkProperties.java,1475,5,1475,25,
Landroid/net/LinkProperties;->isIdenticalHttpProxy(Landroid/net/LinkProperties;)Z,packages/modules/Connectivity/framework/src/android/net/LinkProperties.java,1487,5,1487,88,maxTargetSdk=28&trackingBug=115609023L
Landroid/net/LinkProperties;->isIdenticalStackedLinks(Landroid/net/LinkProperties;)Z,packages/modules/Connectivity/framework/src/android/net/LinkProperties.java,1499,5,1499,88,maxTargetSdk=30&trackingBug=170729553L
Landroid/net/MacAddress;->ALL_ZEROS_ADDRESS:Landroid/net/MacAddress;,packages/modules/Connectivity/framework/src/android/net/MacAddress.java,62,5,62,88,maxTargetSdk=30&trackingBug=170729553L
Landroid/net/Network;->netId:I,packages/modules/Connectivity/framework/src/android/net/Network.java,70,5,70,25,
Landroid/net/Network;-><init>(I)V,packages/modules/Connectivity/framework/src/android/net/Network.java,111,5,111,88,maxTargetSdk=30&trackingBug=170729553L
Landroid/net/NetworkAgent;->sendNetworkInfo(Landroid/net/NetworkInfo;)V,packages/modules/Connectivity/framework/src/android/net/NetworkAgent.java,1253,5,1253,88,maxTargetSdk=28&trackingBug=115609023L
Landroid/net/NetworkCapabilities;->mNetworkCapabilities:J,packages/modules/Connectivity/framework/src/android/net/NetworkCapabilities.java,406,5,406,88,maxTargetSdk=30&trackingBug=170729553L
Landroid/net/NetworkCapabilities;->mSignalStrength:I,packages/modules/Connectivity/framework/src/android/net/NetworkCapabilities.java,1887,5,1887,63,maxTargetSdk=28
Landroid/net/NetworkCapabilities;->hasSignalStrength()Z,packages/modules/Connectivity/framework/src/android/net/NetworkCapabilities.java,1913,5,1913,88,maxTargetSdk=30&trackingBug=170729553L
Landroid/net/NetworkCapabilities;->transportNamesOf([I)Ljava/lang/String;,packages/modules/Connectivity/framework/src/android/net/NetworkCapabilities.java,2660,5,2660,88,maxTargetSdk=30&trackingBug=170729553L
Landroid/net/NetworkInfo;-><init>(Landroid/net/NetworkInfo;)V,packages/modules/Connectivity/framework/src/android/net/NetworkInfo.java,182,5,182,25,
Landroid/net/NetworkInfo;->setSubtype(ILjava/lang/String;)V,packages/modules/Connectivity/framework/src/android/net/NetworkInfo.java,253,5,253,25,
Landroid/net/NetworkInfo;->setIsAvailable(Z)V,packages/modules/Connectivity/framework/src/android/net/NetworkInfo.java,390,5,390,25,
Landroid/net/NetworkInfo;->setFailover(Z)V,packages/modules/Connectivity/framework/src/android/net/NetworkInfo.java,421,5,421,25,
Landroid/net/NetworkInfo;->setRoaming(Z)V,packages/modules/Connectivity/framework/src/android/net/NetworkInfo.java,452,5,452,25,
Landroid/net/NetworkRequest;->networkCapabilities:Landroid/net/NetworkCapabilities;,packages/modules/Connectivity/framework/src/android/net/NetworkRequest.java,166,5,166,88,maxTargetSdk=30&trackingBug=170729553L
Landroid/net/NetworkRequest;->requestId:I,packages/modules/Connectivity/framework/src/android/net/NetworkRequest.java,175,5,175,88,maxTargetSdk=30&trackingBug=170729553L
Landroid/net/NetworkRequest;->legacyType:I,packages/modules/Connectivity/framework/src/android/net/NetworkRequest.java,183,5,183,88,maxTargetSdk=28&trackingBug=115609023L
Landroid/net/NetworkState;->network:Landroid/net/Network;,packages/modules/Connectivity/framework/src/android/net/NetworkState.java,41,5,41,88,maxTargetSdk=28&trackingBug=115609023L
Landroid/net/NetworkState;-><init>(Landroid/os/Parcel;)V,packages/modules/Connectivity/framework/src/android/net/NetworkState.java,92,5,92,25,
Landroid/net/NetworkState;->CREATOR:Landroid/os/Parcelable$Creator;,packages/modules/Connectivity/framework/src/android/net/NetworkState.java,117,5,117,25,
Landroid/net/NetworkStats$Entry;->iface:Ljava/lang/String;,packages/modules/Connectivity/framework-t/src/android/net/NetworkStats.java,259,9,259,92,maxTargetSdk=30&trackingBug=170729553L
Landroid/net/NetworkStats$Entry;->uid:I,packages/modules/Connectivity/framework-t/src/android/net/NetworkStats.java,262,9,262,29,
Landroid/net/NetworkStats$Entry;->set:I,packages/modules/Connectivity/framework-t/src/android/net/NetworkStats.java,265,9,265,29,
Landroid/net/NetworkStats$Entry;->tag:I,packages/modules/Connectivity/framework-t/src/android/net/NetworkStats.java,268,9,268,92,maxTargetSdk=30&trackingBug=170729553L
Landroid/net/NetworkStats$Entry;->rxBytes:J,packages/modules/Connectivity/framework-t/src/android/net/NetworkStats.java,292,9,292,29,
Landroid/net/NetworkStats$Entry;->rxPackets:J,packages/modules/Connectivity/framework-t/src/android/net/NetworkStats.java,295,9,295,92,maxTargetSdk=30&trackingBug=170729553L
Landroid/net/NetworkStats$Entry;->txBytes:J,packages/modules/Connectivity/framework-t/src/android/net/NetworkStats.java,298,9,298,29,
Landroid/net/NetworkStats$Entry;->txPackets:J,packages/modules/Connectivity/framework-t/src/android/net/NetworkStats.java,301,9,301,92,maxTargetSdk=30&trackingBug=170729553L
Landroid/net/NetworkStats$Entry;->operations:J,packages/modules/Connectivity/framework-t/src/android/net/NetworkStats.java,304,9,304,92,maxTargetSdk=30&trackingBug=170729553L
Landroid/net/NetworkStats$Entry;-><init>()V,packages/modules/Connectivity/framework-t/src/android/net/NetworkStats.java,308,9,308,92,maxTargetSdk=30&trackingBug=170729553L
Landroid/net/NetworkStats;->size:I,packages/modules/Connectivity/framework-t/src/android/net/NetworkStats.java,220,5,220,88,maxTargetSdk=30&trackingBug=170729553L
Landroid/net/NetworkStats;->capacity:I,packages/modules/Connectivity/framework-t/src/android/net/NetworkStats.java,222,5,222,88,maxTargetSdk=30&trackingBug=170729553L
Landroid/net/NetworkStats;->iface:[Ljava/lang/String;,packages/modules/Connectivity/framework-t/src/android/net/NetworkStats.java,224,5,224,88,maxTargetSdk=30&trackingBug=170729553L
Landroid/net/NetworkStats;->uid:[I,packages/modules/Connectivity/framework-t/src/android/net/NetworkStats.java,226,5,226,25,
Landroid/net/NetworkStats;->set:[I,packages/modules/Connectivity/framework-t/src/android/net/NetworkStats.java,228,5,228,25,
Landroid/net/NetworkStats;->tag:[I,packages/modules/Connectivity/framework-t/src/android/net/NetworkStats.java,230,5,230,25,
Landroid/net/NetworkStats;->metered:[I,packages/modules/Connectivity/framework-t/src/android/net/NetworkStats.java,232,5,232,88,maxTargetSdk=30&trackingBug=170729553L
Landroid/net/NetworkStats;->roaming:[I,packages/modules/Connectivity/framework-t/src/android/net/NetworkStats.java,234,5,234,88,maxTargetSdk=30&trackingBug=170729553L
Landroid/net/NetworkStats;->defaultNetwork:[I,packages/modules/Connectivity/framework-t/src/android/net/NetworkStats.java,236,5,236,88,maxTargetSdk=30&trackingBug=170729553L
Landroid/net/NetworkStats;->rxBytes:[J,packages/modules/Connectivity/framework-t/src/android/net/NetworkStats.java,238,5,238,25,
Landroid/net/NetworkStats;->rxPackets:[J,packages/modules/Connectivity/framework-t/src/android/net/NetworkStats.java,240,5,240,88,maxTargetSdk=30&trackingBug=170729553L
Landroid/net/NetworkStats;->txBytes:[J,packages/modules/Connectivity/framework-t/src/android/net/NetworkStats.java,242,5,242,25,
Landroid/net/NetworkStats;->txPackets:[J,packages/modules/Connectivity/framework-t/src/android/net/NetworkStats.java,244,5,244,88,maxTargetSdk=30&trackingBug=170729553L
Landroid/net/NetworkStats;->operations:[J,packages/modules/Connectivity/framework-t/src/android/net/NetworkStats.java,246,5,246,88,maxTargetSdk=30&trackingBug=170729553L
Landroid/net/NetworkStats;-><init>(Landroid/os/Parcel;)V,packages/modules/Connectivity/framework-t/src/android/net/NetworkStats.java,576,5,576,88,maxTargetSdk=30&trackingBug=170729553L
Landroid/net/NetworkStats;->getValues(ILandroid/net/NetworkStats$Entry;)Landroid/net/NetworkStats$Entry;,packages/modules/Connectivity/framework-t/src/android/net/NetworkStats.java,753,5,753,25,
Landroid/net/NetworkStats;->size()I,packages/modules/Connectivity/framework-t/src/android/net/NetworkStats.java,811,5,811,25,
Landroid/net/NetworkStats;->getUniqueUids()[I,packages/modules/Connectivity/framework-t/src/android/net/NetworkStats.java,997,5,997,25,
Landroid/net/NetworkStats;->getTotalBytes()J,packages/modules/Connectivity/framework-t/src/android/net/NetworkStats.java,1017,5,1017,25,
Landroid/net/NetworkStats;->getTotal(Landroid/net/NetworkStats$Entry;)Landroid/net/NetworkStats$Entry;,packages/modules/Connectivity/framework-t/src/android/net/NetworkStats.java,1027,5,1027,25,
Landroid/net/NetworkStats;->getTotal(Landroid/net/NetworkStats$Entry;I)Landroid/net/NetworkStats$Entry;,packages/modules/Connectivity/framework-t/src/android/net/NetworkStats.java,1037,5,1037,25,
Landroid/net/NetworkStats;->getTotalIncludingTags(Landroid/net/NetworkStats$Entry;)Landroid/net/NetworkStats$Entry;,packages/modules/Connectivity/framework-t/src/android/net/NetworkStats.java,1052,5,1052,25,
Landroid/net/NetworkStatsHistory$Entry;->bucketDuration:J,packages/modules/Connectivity/framework-t/src/android/net/NetworkStatsHistory.java,134,9,134,92,maxTargetSdk=30&trackingBug=170729553L
Landroid/net/NetworkStatsHistory$Entry;->bucketStart:J,packages/modules/Connectivity/framework-t/src/android/net/NetworkStatsHistory.java,137,9,137,92,maxTargetSdk=30&trackingBug=170729553L
Landroid/net/NetworkStatsHistory$Entry;->rxBytes:J,packages/modules/Connectivity/framework-t/src/android/net/NetworkStatsHistory.java,142,9,142,29,
Landroid/net/NetworkStatsHistory$Entry;->rxPackets:J,packages/modules/Connectivity/framework-t/src/android/net/NetworkStatsHistory.java,145,9,145,92,maxTargetSdk=30&trackingBug=170729553L
Landroid/net/NetworkStatsHistory$Entry;->txBytes:J,packages/modules/Connectivity/framework-t/src/android/net/NetworkStatsHistory.java,148,9,148,29,
Landroid/net/NetworkStatsHistory$Entry;->txPackets:J,packages/modules/Connectivity/framework-t/src/android/net/NetworkStatsHistory.java,151,9,151,92,maxTargetSdk=30&trackingBug=170729553L
Landroid/net/NetworkStatsHistory;-><init>(J)V,packages/modules/Connectivity/framework-t/src/android/net/NetworkStatsHistory.java,285,5,285,25,
Landroid/net/NetworkStatsHistory;-><init>(Landroid/os/Parcel;)V,packages/modules/Connectivity/framework-t/src/android/net/NetworkStatsHistory.java,316,5,316,88,maxTargetSdk=30&trackingBug=170729553L
Landroid/net/NetworkStatsHistory;->size()I,packages/modules/Connectivity/framework-t/src/android/net/NetworkStatsHistory.java,405,5,405,88,maxTargetSdk=30&trackingBug=170729553L
Landroid/net/NetworkStatsHistory;->getStart()J,packages/modules/Connectivity/framework-t/src/android/net/NetworkStatsHistory.java,416,5,416,25,
Landroid/net/NetworkStatsHistory;->getEnd()J,packages/modules/Connectivity/framework-t/src/android/net/NetworkStatsHistory.java,426,5,426,25,
Landroid/net/NetworkStatsHistory;->getIndexBefore(J)I,packages/modules/Connectivity/framework-t/src/android/net/NetworkStatsHistory.java,448,5,448,88,maxTargetSdk=30&trackingBug=170729553L
Landroid/net/NetworkStatsHistory;->getValues(ILandroid/net/NetworkStatsHistory$Entry;)Landroid/net/NetworkStatsHistory$Entry;,packages/modules/Connectivity/framework-t/src/android/net/NetworkStatsHistory.java,478,5,478,88,maxTargetSdk=30&trackingBug=170729553L
Landroid/net/NetworkStatsHistory;->recordEntireHistory(Landroid/net/NetworkStatsHistory;)V,packages/modules/Connectivity/framework-t/src/android/net/NetworkStatsHistory.java,605,5,605,25,
Landroid/net/NetworkStatsHistory;->getValues(JJLandroid/net/NetworkStatsHistory$Entry;)Landroid/net/NetworkStatsHistory$Entry;,packages/modules/Connectivity/framework-t/src/android/net/NetworkStatsHistory.java,758,5,758,25,
Landroid/net/NetworkStatsHistory;->getValues(JJJLandroid/net/NetworkStatsHistory$Entry;)Landroid/net/NetworkStatsHistory$Entry;,packages/modules/Connectivity/framework-t/src/android/net/NetworkStatsHistory.java,773,5,773,25,
Landroid/net/NetworkStatsHistory;->CREATOR:Landroid/os/Parcelable$Creator;,packages/modules/Connectivity/framework-t/src/android/net/NetworkStatsHistory.java,1001,5,1001,25,
Landroid/net/NetworkTemplate;->buildTemplateMobileAll(Ljava/lang/String;)Landroid/net/NetworkTemplate;,packages/modules/Connectivity/framework-t/src/android/net/NetworkTemplate.java,233,5,234,65,maxTargetSdk=33&publicAlternatives=%22Use+%7B%40code+Builder%7D+instead.%22
Landroid/net/NetworkTemplate;->buildTemplateMobileWildcard()Landroid/net/NetworkTemplate;,packages/modules/Connectivity/framework-t/src/android/net/NetworkTemplate.java,248,5,248,88,maxTargetSdk=30&trackingBug=170729553L
Landroid/net/NetworkTemplate;->buildTemplateWifiWildcard()Landroid/net/NetworkTemplate;,packages/modules/Connectivity/framework-t/src/android/net/NetworkTemplate.java,261,5,262,65,maxTargetSdk=33&publicAlternatives=%22Use+%7B%40code+Builder%7D+instead.%22
Landroid/net/NetworkTemplate;->buildTemplateWifi()Landroid/net/NetworkTemplate;,packages/modules/Connectivity/framework-t/src/android/net/NetworkTemplate.java,272,5,273,65,maxTargetSdk=33&publicAlternatives=%22Use+%7B%40code+Builder%7D+instead.%22
Landroid/net/NetworkTemplate;->buildTemplateEthernet()Landroid/net/NetworkTemplate;,packages/modules/Connectivity/framework-t/src/android/net/NetworkTemplate.java,286,5,287,65,maxTargetSdk=33&publicAlternatives=%22Use+%7B%40code+Builder%7D+instead.%22
Landroid/net/NetworkTemplate;-><init>(ILjava/lang/String;Ljava/lang/String;)V,packages/modules/Connectivity/framework-t/src/android/net/NetworkTemplate.java,469,5,470,65,maxTargetSdk=33&publicAlternatives=%22Use+%7B%40code+Builder%7D+instead.%22
Landroid/net/NetworkTemplate;->getSubscriberId()Ljava/lang/String;,packages/modules/Connectivity/framework-t/src/android/net/NetworkTemplate.java,687,5,688,88,maxTargetSdk=33&publicAlternatives=%22Caller+should+use+%7B%40code+getSubscriberIds%7D+instead.%22
Landroid/net/NetworkTemplate;->normalize(Landroid/net/NetworkTemplate;[Ljava/lang/String;)Landroid/net/NetworkTemplate;,packages/modules/Connectivity/framework-t/src/android/net/NetworkTemplate.java,1015,5,1018,74,maxTargetSdk=33&publicAlternatives=%22There+is+no+alternative+for+%7B%40code+NetworkTemplate.normalize%7D.Callers+should+have+their+own+logic+to+merge+template+for+different+IMSIs+and+stop+calling+this+function.%22
Landroid/net/NetworkTemplate;->CREATOR:Landroid/os/Parcelable$Creator;,packages/modules/Connectivity/framework-t/src/android/net/NetworkTemplate.java,1088,5,1088,25,
Landroid/net/NetworkUtils;->intToInetAddress(I)Ljava/net/InetAddress;,packages/modules/Connectivity/framework/src/android/net/NetworkUtils.java,183,5,183,25,
Landroid/net/NetworkUtils;->prefixLengthToNetmaskInt(I)I,packages/modules/Connectivity/framework/src/android/net/NetworkUtils.java,205,5,205,25,
Landroid/net/NetworkUtils;->netmaskToPrefixLength(Ljava/net/Inet4Address;)I,packages/modules/Connectivity/framework/src/android/net/NetworkUtils.java,228,5,228,88,maxTargetSdk=30&trackingBug=170729553L
Landroid/net/NetworkUtils;->numericToInetAddress(Ljava/lang/String;)Ljava/net/InetAddress;,packages/modules/Connectivity/framework/src/android/net/NetworkUtils.java,245,5,245,63,maxTargetSdk=28
Landroid/net/NetworkUtils;->getImplicitNetmask(Ljava/net/Inet4Address;)I,packages/modules/Connectivity/framework/src/android/net/NetworkUtils.java,255,5,255,88,maxTargetSdk=30&trackingBug=170729553L
Landroid/net/NetworkUtils;->trimV4AddrZeros(Ljava/lang/String;)Ljava/lang/String;,packages/modules/Connectivity/framework/src/android/net/NetworkUtils.java,356,5,356,25,
Landroid/net/ProxyInfo;-><init>(Ljava/lang/String;ILjava/lang/String;)V,packages/modules/Connectivity/framework/src/android/net/ProxyInfo.java,110,5,110,25,
Landroid/net/RouteInfo;->mGateway:Ljava/net/InetAddress;,packages/modules/Connectivity/framework/src/android/net/RouteInfo.java,78,5,78,25,
Landroid/net/RouteInfo;->mIsHost:Z,packages/modules/Connectivity/framework/src/android/net/RouteInfo.java,123,5,123,88,maxTargetSdk=28&trackingBug=115609023L
Landroid/net/RouteInfo;-><init>(Landroid/net/IpPrefix;Ljava/net/InetAddress;Ljava/lang/String;)V,packages/modules/Connectivity/framework/src/android/net/RouteInfo.java,247,5,247,88,maxTargetSdk=30&trackingBug=170729553L
Landroid/net/RouteInfo;-><init>(Landroid/net/LinkAddress;Ljava/net/InetAddress;Ljava/lang/String;)V,packages/modules/Connectivity/framework/src/android/net/RouteInfo.java,256,5,256,25,
Landroid/net/RouteInfo;-><init>(Landroid/net/LinkAddress;Ljava/net/InetAddress;)V,packages/modules/Connectivity/framework/src/android/net/RouteInfo.java,288,5,288,25,
Landroid/net/RouteInfo;-><init>(Ljava/net/InetAddress;)V,packages/modules/Connectivity/framework/src/android/net/RouteInfo.java,300,5,300,25,
Landroid/net/RouteInfo;->isHost()Z,packages/modules/Connectivity/framework/src/android/net/RouteInfo.java,352,5,352,88,maxTargetSdk=28&trackingBug=115609023L
Landroid/net/RouteInfo;->selectBestRoute(Ljava/util/Collection;Ljava/net/InetAddress;)Landroid/net/RouteInfo;,packages/modules/Connectivity/framework/src/android/net/RouteInfo.java,513,5,513,88,maxTargetSdk=30&trackingBug=170729553L
Landroid/net/StaticIpConfiguration;->ipAddress:Landroid/net/LinkAddress;,packages/modules/Connectivity/framework/src/android/net/StaticIpConfiguration.java,40,5,40,88,maxTargetSdk=30&trackingBug=170729553L
Landroid/net/StaticIpConfiguration;->gateway:Ljava/net/InetAddress;,packages/modules/Connectivity/framework/src/android/net/StaticIpConfiguration.java,44,5,44,88,maxTargetSdk=30&trackingBug=170729553L
Landroid/net/StaticIpConfiguration;->dnsServers:Ljava/util/ArrayList;,packages/modules/Connectivity/framework/src/android/net/StaticIpConfiguration.java,48,5,48,88,maxTargetSdk=30&trackingBug=170729553L
Landroid/net/StaticIpConfiguration;->domains:Ljava/lang/String;,packages/modules/Connectivity/framework/src/android/net/StaticIpConfiguration.java,52,5,52,88,maxTargetSdk=30&trackingBug=170729553L
Landroid/net/TrafficStats;->getStatsService()Landroid/net/INetworkStatsService;,packages/modules/Connectivity/framework-t/src/android/net/TrafficStats.java,232,5,232,88,maxTargetSdk=28&trackingBug=130143562L
Landroid/net/TrafficStats;->getMobileTcpRxPackets()J,packages/modules/Connectivity/framework-t/src/android/net/TrafficStats.java,862,5,862,88,maxTargetSdk=30&trackingBug=170729553L
Landroid/net/TrafficStats;->getMobileTcpTxPackets()J,packages/modules/Connectivity/framework-t/src/android/net/TrafficStats.java,868,5,868,88,maxTargetSdk=30&trackingBug=170729553L
Landroid/net/TrafficStats;->getMobileIfaces()[Ljava/lang/String;,packages/modules/Connectivity/framework-t/src/android/net/TrafficStats.java,1323,5,1323,88,maxTargetSdk=28&trackingBug=130143562L
Landroid/net/http/CustomFeatureFlags;->preloadHttpengineInZygote()Z,out/soong/.intermediates/external/cronet/android/flags/com.android.net.http.flags-aconfig-java/android_common_apex30/javac/srcjars/android/net/http/CustomFeatureFlags.java,20,1,20,21,
Landroid/net/http/CustomFeatureFlags;->preloadHttpengineJavaImplClasses()Z,out/soong/.intermediates/external/cronet/android/flags/com.android.net.http.flags-aconfig-java/android_common_apex30/javac/srcjars/android/net/http/CustomFeatureFlags.java,27,1,27,21,
Landroid/net/http/CustomFeatureFlags;->preloadHttpengineSharedLibrary()Z,out/soong/.intermediates/external/cronet/android/flags/com.android.net.http.flags-aconfig-java/android_common_apex30/javac/srcjars/android/net/http/CustomFeatureFlags.java,34,1,34,21,
Landroid/net/http/FeatureFlags;->preloadHttpengineInZygote()Z,out/soong/.intermediates/external/cronet/android/flags/com.android.net.http.flags-aconfig-java/android_common_apex30/javac/srcjars/android/net/http/FeatureFlags.java,9,1,9,21,
Landroid/net/http/FeatureFlags;->preloadHttpengineJavaImplClasses()Z,out/soong/.intermediates/external/cronet/android/flags/com.android.net.http.flags-aconfig-java/android_common_apex30/javac/srcjars/android/net/http/FeatureFlags.java,13,1,13,21,
Landroid/net/http/FeatureFlags;->preloadHttpengineSharedLibrary()Z,out/soong/.intermediates/external/cronet/android/flags/com.android.net.http.flags-aconfig-java/android_common_apex30/javac/srcjars/android/net/http/FeatureFlags.java,17,1,17,21,
Landroid/net/http/FeatureFlagsImpl;->preloadHttpengineInZygote()Z,out/soong/.intermediates/external/cronet/android/flags/com.android.net.http.flags-aconfig-java/android_common_apex30/javac/srcjars/android/net/http/FeatureFlagsImpl.java,8,1,8,21,
Landroid/net/http/FeatureFlagsImpl;->preloadHttpengineJavaImplClasses()Z,out/soong/.intermediates/external/cronet/android/flags/com.android.net.http.flags-aconfig-java/android_common_apex30/javac/srcjars/android/net/http/FeatureFlagsImpl.java,15,1,15,21,
Landroid/net/http/FeatureFlagsImpl;->preloadHttpengineSharedLibrary()Z,out/soong/.intermediates/external/cronet/android/flags/com.android.net.http.flags-aconfig-java/android_common_apex30/javac/srcjars/android/net/http/FeatureFlagsImpl.java,22,1,22,21,
Landroid/net/http/Flags;->preloadHttpengineInZygote()Z,out/soong/.intermediates/external/cronet/android/flags/com.android.net.http.flags-aconfig-java/android_common_apex30/javac/srcjars/android/net/http/Flags.java,14,57,14,77,
Landroid/net/http/Flags;->preloadHttpengineJavaImplClasses()Z,out/soong/.intermediates/external/cronet/android/flags/com.android.net.http.flags-aconfig-java/android_common_apex30/javac/srcjars/android/net/http/Flags.java,20,57,20,77,
Landroid/net/http/Flags;->preloadHttpengineSharedLibrary()Z,out/soong/.intermediates/external/cronet/android/flags/com.android.net.http.flags-aconfig-java/android_common_apex30/javac/srcjars/android/net/http/Flags.java,26,57,26,77,
Landroid/net/nsd/NsdServiceInfo;->setAttribute(Ljava/lang/String;[B)V,packages/modules/Connectivity/framework-t/src/android/net/nsd/NsdServiceInfo.java,357,5,357,25,
Landroid/net/vcn/CustomFeatureFlags;->mainlineVcnModuleApi()Z,out/soong/.intermediates/frameworks/base/packages/Vcn/flags/android.net.vcn.flags-aconfig-java/android_common_apex30/javac/srcjars/android/net/vcn/CustomFeatureFlags.java,20,1,20,21,
Landroid/net/vcn/CustomFeatureFlags;->safeModeConfig()Z,out/soong/.intermediates/frameworks/base/packages/Vcn/flags/android.net.vcn.flags-aconfig-java/android_common_apex30/javac/srcjars/android/net/vcn/CustomFeatureFlags.java,27,1,27,21,
Landroid/net/vcn/FeatureFlags;->mainlineVcnModuleApi()Z,out/soong/.intermediates/frameworks/base/packages/Vcn/flags/android.net.vcn.flags-aconfig-java/android_common_apex30/javac/srcjars/android/net/vcn/FeatureFlags.java,9,1,9,21,
Landroid/net/vcn/FeatureFlags;->safeModeConfig()Z,out/soong/.intermediates/frameworks/base/packages/Vcn/flags/android.net.vcn.flags-aconfig-java/android_common_apex30/javac/srcjars/android/net/vcn/FeatureFlags.java,13,1,13,21,
Landroid/net/vcn/FeatureFlagsImpl;->mainlineVcnModuleApi()Z,out/soong/.intermediates/frameworks/base/packages/Vcn/flags/android.net.vcn.flags-aconfig-java/android_common_apex30/javac/srcjars/android/net/vcn/FeatureFlagsImpl.java,8,1,8,21,
Landroid/net/vcn/FeatureFlagsImpl;->safeModeConfig()Z,out/soong/.intermediates/frameworks/base/packages/Vcn/flags/android.net.vcn.flags-aconfig-java/android_common_apex30/javac/srcjars/android/net/vcn/FeatureFlagsImpl.java,15,1,15,21,
Landroid/net/vcn/Flags;->mainlineVcnModuleApi()Z,out/soong/.intermediates/frameworks/base/packages/Vcn/flags/android.net.vcn.flags-aconfig-java/android_common_apex30/javac/srcjars/android/net/vcn/Flags.java,12,57,12,77,
Landroid/net/vcn/Flags;->safeModeConfig()Z,out/soong/.intermediates/frameworks/base/packages/Vcn/flags/android.net.vcn.flags-aconfig-java/android_common_apex30/javac/srcjars/android/net/vcn/Flags.java,18,57,18,77,
Lcom/android/internal/util/Preconditions;->checkArgument(Z)V,frameworks/libs/modules-utils/java/com/android/internal/util/Preconditions.java,46,5,46,25,
Lcom/android/internal/util/Preconditions;->checkArgument(ZLjava/lang/Object;)V,frameworks/libs/modules-utils/java/com/android/internal/util/Preconditions.java,61,5,61,88,maxTargetSdk=30&trackingBug=170729553L
Lcom/android/internal/util/Preconditions;->checkNotNull(Ljava/lang/Object;)Ljava/lang/Object;,frameworks/libs/modules-utils/java/com/android/internal/util/Preconditions.java,153,5,153,25,
Lcom/android/internal/util/Preconditions;->checkNotNull(Ljava/lang/Object;Ljava/lang/Object;)Ljava/lang/Object;,frameworks/libs/modules-utils/java/com/android/internal/util/Preconditions.java,173,5,173,25,
Lcom/android/internal/util/Preconditions;->checkState(Z)V,frameworks/libs/modules-utils/java/com/android/internal/util/Preconditions.java,210,5,210,25,
Lcom/android/internal/util/Preconditions;->checkState(ZLjava/lang/String;)V,frameworks/libs/modules-utils/java/com/android/internal/util/Preconditions.java,224,5,224,88,maxTargetSdk=30&trackingBug=170729553L
Lcom/android/internal/util/Preconditions;->checkArgumentInRange(IIILjava/lang/String;)I,frameworks/libs/modules-utils/java/com/android/internal/util/Preconditions.java,536,5,536,88,maxTargetSdk=30&trackingBug=170729553L
Lcom/android/nearby/flags/CustomFeatureFlags;->poweredOffFinding()Z,out/soong/.intermediates/packages/modules/Connectivity/common/com.android.nearby.flags-aconfig-java/android_common_apex30/javac/srcjars/com/android/nearby/flags/CustomFeatureFlags.java,20,1,20,21,
Lcom/android/nearby/flags/FeatureFlags;->poweredOffFinding()Z,out/soong/.intermediates/packages/modules/Connectivity/common/com.android.nearby.flags-aconfig-java/android_common_apex30/javac/srcjars/com/android/nearby/flags/FeatureFlags.java,9,1,9,21,
Lcom/android/nearby/flags/FeatureFlagsImpl;->poweredOffFinding()Z,out/soong/.intermediates/packages/modules/Connectivity/common/com.android.nearby.flags-aconfig-java/android_common_apex30/javac/srcjars/com/android/nearby/flags/FeatureFlagsImpl.java,8,1,8,21,
Lcom/android/nearby/flags/Flags;->poweredOffFinding()Z,out/soong/.intermediates/packages/modules/Connectivity/common/com.android.nearby.flags-aconfig-java/android_common_apex30/javac/srcjars/com/android/nearby/flags/Flags.java,10,57,10,77,
Lcom/android/net/ct/flags/CustomFeatureFlags;->certificateTransparencyJob()Z,out/soong/.intermediates/packages/modules/Connectivity/common/networksecurity_flags_java_lib/android_common_apex30/javac/srcjars/com/android/net/ct/flags/CustomFeatureFlags.java,20,1,20,21,
Lcom/android/net/ct/flags/CustomFeatureFlags;->certificateTransparencyService()Z,out/soong/.intermediates/packages/modules/Connectivity/common/networksecurity_flags_java_lib/android_common_apex30/javac/srcjars/com/android/net/ct/flags/CustomFeatureFlags.java,27,1,27,21,
Lcom/android/net/ct/flags/FeatureFlags;->certificateTransparencyJob()Z,out/soong/.intermediates/packages/modules/Connectivity/common/networksecurity_flags_java_lib/android_common_apex30/javac/srcjars/com/android/net/ct/flags/FeatureFlags.java,9,1,9,21,
Lcom/android/net/ct/flags/FeatureFlags;->certificateTransparencyService()Z,out/soong/.intermediates/packages/modules/Connectivity/common/networksecurity_flags_java_lib/android_common_apex30/javac/srcjars/com/android/net/ct/flags/FeatureFlags.java,13,1,13,21,
Lcom/android/net/ct/flags/FeatureFlagsImpl;->certificateTransparencyJob()Z,out/soong/.intermediates/packages/modules/Connectivity/common/networksecurity_flags_java_lib/android_common_apex30/javac/srcjars/com/android/net/ct/flags/FeatureFlagsImpl.java,8,1,8,21,
Lcom/android/net/ct/flags/FeatureFlagsImpl;->certificateTransparencyService()Z,out/soong/.intermediates/packages/modules/Connectivity/common/networksecurity_flags_java_lib/android_common_apex30/javac/srcjars/com/android/net/ct/flags/FeatureFlagsImpl.java,15,1,15,21,
Lcom/android/net/ct/flags/Flags;->certificateTransparencyJob()Z,out/soong/.intermediates/packages/modules/Connectivity/common/networksecurity_flags_java_lib/android_common_apex30/javac/srcjars/com/android/net/ct/flags/Flags.java,12,57,12,77,
Lcom/android/net/ct/flags/Flags;->certificateTransparencyService()Z,out/soong/.intermediates/packages/modules/Connectivity/common/networksecurity_flags_java_lib/android_common_apex30/javac/srcjars/com/android/net/ct/flags/Flags.java,18,57,18,77,
Lcom/android/net/flags/CustomFeatureFlags;->basicBackgroundRestrictionsEnabled()Z,out/soong/.intermediates/packages/modules/Connectivity/common/com.android.net.flags-aconfig-java/android_common_apex30/javac/srcjars/com/android/net/flags/CustomFeatureFlags.java,20,1,20,21,
Lcom/android/net/flags/CustomFeatureFlags;->basicBackgroundRestrictionsEnabled()Z,out/soong/.intermediates/packages/modules/Connectivity/common/com.android.net.flags-aconfig-java/android_common_apex30/javac/srcjars/com/android/net/flags/CustomFeatureFlags.java,20,1,20,21,
Lcom/android/net/flags/CustomFeatureFlags;->blockedReasonNetworkRestricted()Z,out/soong/.intermediates/packages/modules/Connectivity/common/com.android.net.flags-aconfig-java/android_common_apex30/javac/srcjars/com/android/net/flags/CustomFeatureFlags.java,27,1,27,21,
Lcom/android/net/flags/CustomFeatureFlags;->blockedReasonNetworkRestricted()Z,out/soong/.intermediates/packages/modules/Connectivity/common/com.android.net.flags-aconfig-java/android_common_apex30/javac/srcjars/com/android/net/flags/CustomFeatureFlags.java,27,1,27,21,
Lcom/android/net/flags/CustomFeatureFlags;->blockedReasonOemDenyChains()Z,out/soong/.intermediates/packages/modules/Connectivity/common/com.android.net.flags-aconfig-java/android_common_apex30/javac/srcjars/com/android/net/flags/CustomFeatureFlags.java,34,1,34,21,
Lcom/android/net/flags/CustomFeatureFlags;->blockedReasonOemDenyChains()Z,out/soong/.intermediates/packages/modules/Connectivity/common/com.android.net.flags-aconfig-java/android_common_apex30/javac/srcjars/com/android/net/flags/CustomFeatureFlags.java,34,1,34,21,
Lcom/android/net/flags/CustomFeatureFlags;->ethernetDesktopConfig()Z,out/soong/.intermediates/packages/modules/Connectivity/common/com.android.net.flags-aconfig-java/android_common_apex30/javac/srcjars/com/android/net/flags/CustomFeatureFlags.java,41,1,41,21,
Lcom/android/net/flags/CustomFeatureFlags;->ethernetDesktopConfig()Z,out/soong/.intermediates/packages/modules/Connectivity/common/com.android.net.flags-aconfig-java/android_common_apex30/javac/srcjars/com/android/net/flags/CustomFeatureFlags.java,41,1,41,21,
Lcom/android/net/flags/CustomFeatureFlags;->ipsecTransformState()Z,out/soong/.intermediates/packages/modules/Connectivity/common/com.android.net.flags-aconfig-java/android_common_apex30/javac/srcjars/com/android/net/flags/CustomFeatureFlags.java,48,1,48,21,
Lcom/android/net/flags/CustomFeatureFlags;->ipsecTransformState()Z,out/soong/.intermediates/packages/modules/Connectivity/common/com.android.net.flags-aconfig-java/android_common_apex30/javac/srcjars/com/android/net/flags/CustomFeatureFlags.java,48,1,48,21,
Lcom/android/net/flags/CustomFeatureFlags;->ipv6OverBle()Z,out/soong/.intermediates/packages/modules/Connectivity/common/com.android.net.flags-aconfig-java/android_common_apex30/javac/srcjars/com/android/net/flags/CustomFeatureFlags.java,55,1,55,21,
Lcom/android/net/flags/CustomFeatureFlags;->ipv6OverBle()Z,out/soong/.intermediates/packages/modules/Connectivity/common/com.android.net.flags-aconfig-java/android_common_apex30/javac/srcjars/com/android/net/flags/CustomFeatureFlags.java,55,1,55,21,
Lcom/android/net/flags/CustomFeatureFlags;->mdnsAdvertisingImprovement()Z,out/soong/.intermediates/packages/modules/Connectivity/common/com.android.net.flags-aconfig-java/android_common_apex30/javac/srcjars/com/android/net/flags/CustomFeatureFlags.java,62,1,62,21,
Lcom/android/net/flags/CustomFeatureFlags;->mdnsAdvertisingImprovement()Z,out/soong/.intermediates/packages/modules/Connectivity/common/com.android.net.flags-aconfig-java/android_common_apex30/javac/srcjars/com/android/net/flags/CustomFeatureFlags.java,62,1,62,21,
Lcom/android/net/flags/CustomFeatureFlags;->meteredNetworkFirewallChains()Z,out/soong/.intermediates/packages/modules/Connectivity/common/com.android.net.flags-aconfig-java/android_common_apex30/javac/srcjars/com/android/net/flags/CustomFeatureFlags.java,69,1,69,21,
Lcom/android/net/flags/CustomFeatureFlags;->meteredNetworkFirewallChains()Z,out/soong/.intermediates/packages/modules/Connectivity/common/com.android.net.flags-aconfig-java/android_common_apex30/javac/srcjars/com/android/net/flags/CustomFeatureFlags.java,69,1,69,21,
Lcom/android/net/flags/CustomFeatureFlags;->netCapabilityLocalNetwork()Z,out/soong/.intermediates/packages/modules/Connectivity/common/com.android.net.flags-aconfig-java/android_common_apex30/javac/srcjars/com/android/net/flags/CustomFeatureFlags.java,76,1,76,21,
Lcom/android/net/flags/CustomFeatureFlags;->netCapabilityLocalNetwork()Z,out/soong/.intermediates/packages/modules/Connectivity/common/com.android.net.flags-aconfig-java/android_common_apex30/javac/srcjars/com/android/net/flags/CustomFeatureFlags.java,76,1,76,21,
Lcom/android/net/flags/CustomFeatureFlags;->netCapabilityNotBandwidthConstrained()Z,out/soong/.intermediates/packages/modules/Connectivity/common/com.android.net.flags-aconfig-java/android_common_apex30/javac/srcjars/com/android/net/flags/CustomFeatureFlags.java,83,1,83,21,
Lcom/android/net/flags/CustomFeatureFlags;->netCapabilityNotBandwidthConstrained()Z,out/soong/.intermediates/packages/modules/Connectivity/common/com.android.net.flags-aconfig-java/android_common_apex30/javac/srcjars/com/android/net/flags/CustomFeatureFlags.java,83,1,83,21,
Lcom/android/net/flags/CustomFeatureFlags;->netstatsAddEntries()Z,out/soong/.intermediates/packages/modules/Connectivity/common/com.android.net.flags-aconfig-java/android_common_apex30/javac/srcjars/com/android/net/flags/CustomFeatureFlags.java,90,1,90,21,
Lcom/android/net/flags/CustomFeatureFlags;->netstatsAddEntries()Z,out/soong/.intermediates/packages/modules/Connectivity/common/com.android.net.flags-aconfig-java/android_common_apex30/javac/srcjars/com/android/net/flags/CustomFeatureFlags.java,90,1,90,21,
Lcom/android/net/flags/CustomFeatureFlags;->netstatsTransportType()Z,out/soong/.intermediates/packages/modules/Connectivity/common/com.android.net.flags-aconfig-java/android_common_apex30/javac/srcjars/com/android/net/flags/CustomFeatureFlags.java,97,1,97,21,
Lcom/android/net/flags/CustomFeatureFlags;->netstatsTransportType()Z,out/soong/.intermediates/packages/modules/Connectivity/common/com.android.net.flags-aconfig-java/android_common_apex30/javac/srcjars/com/android/net/flags/CustomFeatureFlags.java,97,1,97,21,
Lcom/android/net/flags/CustomFeatureFlags;->nsdSubtypesSupportEnabled()Z,out/soong/.intermediates/packages/modules/Connectivity/common/com.android.net.flags-aconfig-java/android_common_apex30/javac/srcjars/com/android/net/flags/CustomFeatureFlags.java,104,1,104,21,
Lcom/android/net/flags/CustomFeatureFlags;->nsdSubtypesSupportEnabled()Z,out/soong/.intermediates/packages/modules/Connectivity/common/com.android.net.flags-aconfig-java/android_common_apex30/javac/srcjars/com/android/net/flags/CustomFeatureFlags.java,104,1,104,21,
Lcom/android/net/flags/CustomFeatureFlags;->qosFilterIpRangeMatching()Z,out/soong/.intermediates/packages/modules/Connectivity/common/com.android.net.flags-aconfig-java/android_common_apex30/javac/srcjars/com/android/net/flags/CustomFeatureFlags.java,111,1,111,21,
Lcom/android/net/flags/CustomFeatureFlags;->qosFilterIpRangeMatching()Z,out/soong/.intermediates/packages/modules/Connectivity/common/com.android.net.flags-aconfig-java/android_common_apex30/javac/srcjars/com/android/net/flags/CustomFeatureFlags.java,111,1,111,21,
Lcom/android/net/flags/CustomFeatureFlags;->registerNsdOffloadEngineApi()Z,out/soong/.intermediates/packages/modules/Connectivity/common/com.android.net.flags-aconfig-java/android_common_apex30/javac/srcjars/com/android/net/flags/CustomFeatureFlags.java,118,1,118,21,
Lcom/android/net/flags/CustomFeatureFlags;->registerNsdOffloadEngineApi()Z,out/soong/.intermediates/packages/modules/Connectivity/common/com.android.net.flags-aconfig-java/android_common_apex30/javac/srcjars/com/android/net/flags/CustomFeatureFlags.java,118,1,118,21,
Lcom/android/net/flags/CustomFeatureFlags;->requestRestrictedWifi()Z,out/soong/.intermediates/packages/modules/Connectivity/common/com.android.net.flags-aconfig-java/android_common_apex30/javac/srcjars/com/android/net/flags/CustomFeatureFlags.java,125,1,125,21,
Lcom/android/net/flags/CustomFeatureFlags;->requestRestrictedWifi()Z,out/soong/.intermediates/packages/modules/Connectivity/common/com.android.net.flags-aconfig-java/android_common_apex30/javac/srcjars/com/android/net/flags/CustomFeatureFlags.java,125,1,125,21,
Lcom/android/net/flags/CustomFeatureFlags;->restrictLocalNetwork()Z,out/soong/.intermediates/packages/modules/Connectivity/common/com.android.net.flags-aconfig-java/android_common_apex30/javac/srcjars/com/android/net/flags/CustomFeatureFlags.java,132,1,132,21,
Lcom/android/net/flags/CustomFeatureFlags;->restrictLocalNetwork()Z,out/soong/.intermediates/packages/modules/Connectivity/common/com.android.net.flags-aconfig-java/android_common_apex30/javac/srcjars/com/android/net/flags/CustomFeatureFlags.java,132,1,132,21,
Lcom/android/net/flags/CustomFeatureFlags;->setDataSaverViaCm()Z,out/soong/.intermediates/packages/modules/Connectivity/common/com.android.net.flags-aconfig-java/android_common_apex30/javac/srcjars/com/android/net/flags/CustomFeatureFlags.java,139,1,139,21,
Lcom/android/net/flags/CustomFeatureFlags;->setDataSaverViaCm()Z,out/soong/.intermediates/packages/modules/Connectivity/common/com.android.net.flags-aconfig-java/android_common_apex30/javac/srcjars/com/android/net/flags/CustomFeatureFlags.java,139,1,139,21,
Lcom/android/net/flags/CustomFeatureFlags;->supportIsUidNetworkingBlocked()Z,out/soong/.intermediates/packages/modules/Connectivity/common/com.android.net.flags-aconfig-java/android_common_apex30/javac/srcjars/com/android/net/flags/CustomFeatureFlags.java,146,1,146,21,
Lcom/android/net/flags/CustomFeatureFlags;->supportIsUidNetworkingBlocked()Z,out/soong/.intermediates/packages/modules/Connectivity/common/com.android.net.flags-aconfig-java/android_common_apex30/javac/srcjars/com/android/net/flags/CustomFeatureFlags.java,146,1,146,21,
Lcom/android/net/flags/CustomFeatureFlags;->supportTransportSatellite()Z,out/soong/.intermediates/packages/modules/Connectivity/common/com.android.net.flags-aconfig-java/android_common_apex30/javac/srcjars/com/android/net/flags/CustomFeatureFlags.java,153,1,153,21,
Lcom/android/net/flags/CustomFeatureFlags;->supportTransportSatellite()Z,out/soong/.intermediates/packages/modules/Connectivity/common/com.android.net.flags-aconfig-java/android_common_apex30/javac/srcjars/com/android/net/flags/CustomFeatureFlags.java,153,1,153,21,
Lcom/android/net/flags/CustomFeatureFlags;->tetheringActiveSessionsMetrics()Z,out/soong/.intermediates/packages/modules/Connectivity/common/com.android.net.flags-aconfig-java/android_common_apex30/javac/srcjars/com/android/net/flags/CustomFeatureFlags.java,160,1,160,21,
Lcom/android/net/flags/CustomFeatureFlags;->tetheringActiveSessionsMetrics()Z,out/soong/.intermediates/packages/modules/Connectivity/common/com.android.net.flags-aconfig-java/android_common_apex30/javac/srcjars/com/android/net/flags/CustomFeatureFlags.java,160,1,160,21,
Lcom/android/net/flags/CustomFeatureFlags;->tetheringRequestVirtual()Z,out/soong/.intermediates/packages/modules/Connectivity/common/com.android.net.flags-aconfig-java/android_common_apex30/javac/srcjars/com/android/net/flags/CustomFeatureFlags.java,167,1,167,21,
Lcom/android/net/flags/CustomFeatureFlags;->tetheringRequestVirtual()Z,out/soong/.intermediates/packages/modules/Connectivity/common/com.android.net.flags-aconfig-java/android_common_apex30/javac/srcjars/com/android/net/flags/CustomFeatureFlags.java,167,1,167,21,
Lcom/android/net/flags/CustomFeatureFlags;->tetheringWithSoftApConfig()Z,out/soong/.intermediates/packages/modules/Connectivity/common/com.android.net.flags-aconfig-java/android_common_apex30/javac/srcjars/com/android/net/flags/CustomFeatureFlags.java,174,1,174,21,
Lcom/android/net/flags/CustomFeatureFlags;->tetheringWithSoftApConfig()Z,out/soong/.intermediates/packages/modules/Connectivity/common/com.android.net.flags-aconfig-java/android_common_apex30/javac/srcjars/com/android/net/flags/CustomFeatureFlags.java,174,1,174,21,
Lcom/android/net/flags/FeatureFlags;->basicBackgroundRestrictionsEnabled()Z,out/soong/.intermediates/packages/modules/Connectivity/common/com.android.net.flags-aconfig-java/android_common_apex30/javac/srcjars/com/android/net/flags/FeatureFlags.java,9,1,9,21,
Lcom/android/net/flags/FeatureFlags;->basicBackgroundRestrictionsEnabled()Z,out/soong/.intermediates/packages/modules/Connectivity/common/com.android.net.flags-aconfig-java/android_common_apex30/javac/srcjars/com/android/net/flags/FeatureFlags.java,9,1,9,21,
Lcom/android/net/flags/FeatureFlags;->blockedReasonNetworkRestricted()Z,out/soong/.intermediates/packages/modules/Connectivity/common/com.android.net.flags-aconfig-java/android_common_apex30/javac/srcjars/com/android/net/flags/FeatureFlags.java,13,1,13,21,
Lcom/android/net/flags/FeatureFlags;->blockedReasonNetworkRestricted()Z,out/soong/.intermediates/packages/modules/Connectivity/common/com.android.net.flags-aconfig-java/android_common_apex30/javac/srcjars/com/android/net/flags/FeatureFlags.java,13,1,13,21,
Lcom/android/net/flags/FeatureFlags;->blockedReasonOemDenyChains()Z,out/soong/.intermediates/packages/modules/Connectivity/common/com.android.net.flags-aconfig-java/android_common_apex30/javac/srcjars/com/android/net/flags/FeatureFlags.java,17,1,17,21,
Lcom/android/net/flags/FeatureFlags;->blockedReasonOemDenyChains()Z,out/soong/.intermediates/packages/modules/Connectivity/common/com.android.net.flags-aconfig-java/android_common_apex30/javac/srcjars/com/android/net/flags/FeatureFlags.java,17,1,17,21,
Lcom/android/net/flags/FeatureFlags;->ethernetDesktopConfig()Z,out/soong/.intermediates/packages/modules/Connectivity/common/com.android.net.flags-aconfig-java/android_common_apex30/javac/srcjars/com/android/net/flags/FeatureFlags.java,21,1,21,21,
Lcom/android/net/flags/FeatureFlags;->ethernetDesktopConfig()Z,out/soong/.intermediates/packages/modules/Connectivity/common/com.android.net.flags-aconfig-java/android_common_apex30/javac/srcjars/com/android/net/flags/FeatureFlags.java,21,1,21,21,
Lcom/android/net/flags/FeatureFlags;->ipsecTransformState()Z,out/soong/.intermediates/packages/modules/Connectivity/common/com.android.net.flags-aconfig-java/android_common_apex30/javac/srcjars/com/android/net/flags/FeatureFlags.java,25,1,25,21,
Lcom/android/net/flags/FeatureFlags;->ipsecTransformState()Z,out/soong/.intermediates/packages/modules/Connectivity/common/com.android.net.flags-aconfig-java/android_common_apex30/javac/srcjars/com/android/net/flags/FeatureFlags.java,25,1,25,21,
Lcom/android/net/flags/FeatureFlags;->ipv6OverBle()Z,out/soong/.intermediates/packages/modules/Connectivity/common/com.android.net.flags-aconfig-java/android_common_apex30/javac/srcjars/com/android/net/flags/FeatureFlags.java,29,1,29,21,
Lcom/android/net/flags/FeatureFlags;->ipv6OverBle()Z,out/soong/.intermediates/packages/modules/Connectivity/common/com.android.net.flags-aconfig-java/android_common_apex30/javac/srcjars/com/android/net/flags/FeatureFlags.java,29,1,29,21,
Lcom/android/net/flags/FeatureFlags;->mdnsAdvertisingImprovement()Z,out/soong/.intermediates/packages/modules/Connectivity/common/com.android.net.flags-aconfig-java/android_common_apex30/javac/srcjars/com/android/net/flags/FeatureFlags.java,33,1,33,21,
Lcom/android/net/flags/FeatureFlags;->mdnsAdvertisingImprovement()Z,out/soong/.intermediates/packages/modules/Connectivity/common/com.android.net.flags-aconfig-java/android_common_apex30/javac/srcjars/com/android/net/flags/FeatureFlags.java,33,1,33,21,
Lcom/android/net/flags/FeatureFlags;->meteredNetworkFirewallChains()Z,out/soong/.intermediates/packages/modules/Connectivity/common/com.android.net.flags-aconfig-java/android_common_apex30/javac/srcjars/com/android/net/flags/FeatureFlags.java,37,1,37,21,
Lcom/android/net/flags/FeatureFlags;->meteredNetworkFirewallChains()Z,out/soong/.intermediates/packages/modules/Connectivity/common/com.android.net.flags-aconfig-java/android_common_apex30/javac/srcjars/com/android/net/flags/FeatureFlags.java,37,1,37,21,
Lcom/android/net/flags/FeatureFlags;->netCapabilityLocalNetwork()Z,out/soong/.intermediates/packages/modules/Connectivity/common/com.android.net.flags-aconfig-java/android_common_apex30/javac/srcjars/com/android/net/flags/FeatureFlags.java,41,1,41,21,
Lcom/android/net/flags/FeatureFlags;->netCapabilityLocalNetwork()Z,out/soong/.intermediates/packages/modules/Connectivity/common/com.android.net.flags-aconfig-java/android_common_apex30/javac/srcjars/com/android/net/flags/FeatureFlags.java,41,1,41,21,
Lcom/android/net/flags/FeatureFlags;->netCapabilityNotBandwidthConstrained()Z,out/soong/.intermediates/packages/modules/Connectivity/common/com.android.net.flags-aconfig-java/android_common_apex30/javac/srcjars/com/android/net/flags/FeatureFlags.java,45,1,45,21,
Lcom/android/net/flags/FeatureFlags;->netCapabilityNotBandwidthConstrained()Z,out/soong/.intermediates/packages/modules/Connectivity/common/com.android.net.flags-aconfig-java/android_common_apex30/javac/srcjars/com/android/net/flags/FeatureFlags.java,45,1,45,21,
Lcom/android/net/flags/FeatureFlags;->netstatsAddEntries()Z,out/soong/.intermediates/packages/modules/Connectivity/common/com.android.net.flags-aconfig-java/android_common_apex30/javac/srcjars/com/android/net/flags/FeatureFlags.java,49,1,49,21,
Lcom/android/net/flags/FeatureFlags;->netstatsAddEntries()Z,out/soong/.intermediates/packages/modules/Connectivity/common/com.android.net.flags-aconfig-java/android_common_apex30/javac/srcjars/com/android/net/flags/FeatureFlags.java,49,1,49,21,
Lcom/android/net/flags/FeatureFlags;->netstatsTransportType()Z,out/soong/.intermediates/packages/modules/Connectivity/common/com.android.net.flags-aconfig-java/android_common_apex30/javac/srcjars/com/android/net/flags/FeatureFlags.java,53,1,53,21,
Lcom/android/net/flags/FeatureFlags;->netstatsTransportType()Z,out/soong/.intermediates/packages/modules/Connectivity/common/com.android.net.flags-aconfig-java/android_common_apex30/javac/srcjars/com/android/net/flags/FeatureFlags.java,53,1,53,21,
Lcom/android/net/flags/FeatureFlags;->nsdSubtypesSupportEnabled()Z,out/soong/.intermediates/packages/modules/Connectivity/common/com.android.net.flags-aconfig-java/android_common_apex30/javac/srcjars/com/android/net/flags/FeatureFlags.java,57,1,57,21,
Lcom/android/net/flags/FeatureFlags;->nsdSubtypesSupportEnabled()Z,out/soong/.intermediates/packages/modules/Connectivity/common/com.android.net.flags-aconfig-java/android_common_apex30/javac/srcjars/com/android/net/flags/FeatureFlags.java,57,1,57,21,
Lcom/android/net/flags/FeatureFlags;->qosFilterIpRangeMatching()Z,out/soong/.intermediates/packages/modules/Connectivity/common/com.android.net.flags-aconfig-java/android_common_apex30/javac/srcjars/com/android/net/flags/FeatureFlags.java,61,1,61,21,
Lcom/android/net/flags/FeatureFlags;->qosFilterIpRangeMatching()Z,out/soong/.intermediates/packages/modules/Connectivity/common/com.android.net.flags-aconfig-java/android_common_apex30/javac/srcjars/com/android/net/flags/FeatureFlags.java,61,1,61,21,
Lcom/android/net/flags/FeatureFlags;->registerNsdOffloadEngineApi()Z,out/soong/.intermediates/packages/modules/Connectivity/common/com.android.net.flags-aconfig-java/android_common_apex30/javac/srcjars/com/android/net/flags/FeatureFlags.java,65,1,65,21,
Lcom/android/net/flags/FeatureFlags;->registerNsdOffloadEngineApi()Z,out/soong/.intermediates/packages/modules/Connectivity/common/com.android.net.flags-aconfig-java/android_common_apex30/javac/srcjars/com/android/net/flags/FeatureFlags.java,65,1,65,21,
Lcom/android/net/flags/FeatureFlags;->requestRestrictedWifi()Z,out/soong/.intermediates/packages/modules/Connectivity/common/com.android.net.flags-aconfig-java/android_common_apex30/javac/srcjars/com/android/net/flags/FeatureFlags.java,69,1,69,21,
Lcom/android/net/flags/FeatureFlags;->requestRestrictedWifi()Z,out/soong/.intermediates/packages/modules/Connectivity/common/com.android.net.flags-aconfig-java/android_common_apex30/javac/srcjars/com/android/net/flags/FeatureFlags.java,69,1,69,21,
Lcom/android/net/flags/FeatureFlags;->restrictLocalNetwork()Z,out/soong/.intermediates/packages/modules/Connectivity/common/com.android.net.flags-aconfig-java/android_common_apex30/javac/srcjars/com/android/net/flags/FeatureFlags.java,73,1,73,21,
Lcom/android/net/flags/FeatureFlags;->restrictLocalNetwork()Z,out/soong/.intermediates/packages/modules/Connectivity/common/com.android.net.flags-aconfig-java/android_common_apex30/javac/srcjars/com/android/net/flags/FeatureFlags.java,73,1,73,21,
Lcom/android/net/flags/FeatureFlags;->setDataSaverViaCm()Z,out/soong/.intermediates/packages/modules/Connectivity/common/com.android.net.flags-aconfig-java/android_common_apex30/javac/srcjars/com/android/net/flags/FeatureFlags.java,77,1,77,21,
Lcom/android/net/flags/FeatureFlags;->setDataSaverViaCm()Z,out/soong/.intermediates/packages/modules/Connectivity/common/com.android.net.flags-aconfig-java/android_common_apex30/javac/srcjars/com/android/net/flags/FeatureFlags.java,77,1,77,21,
Lcom/android/net/flags/FeatureFlags;->supportIsUidNetworkingBlocked()Z,out/soong/.intermediates/packages/modules/Connectivity/common/com.android.net.flags-aconfig-java/android_common_apex30/javac/srcjars/com/android/net/flags/FeatureFlags.java,81,1,81,21,
Lcom/android/net/flags/FeatureFlags;->supportIsUidNetworkingBlocked()Z,out/soong/.intermediates/packages/modules/Connectivity/common/com.android.net.flags-aconfig-java/android_common_apex30/javac/srcjars/com/android/net/flags/FeatureFlags.java,81,1,81,21,
Lcom/android/net/flags/FeatureFlags;->supportTransportSatellite()Z,out/soong/.intermediates/packages/modules/Connectivity/common/com.android.net.flags-aconfig-java/android_common_apex30/javac/srcjars/com/android/net/flags/FeatureFlags.java,85,1,85,21,
Lcom/android/net/flags/FeatureFlags;->supportTransportSatellite()Z,out/soong/.intermediates/packages/modules/Connectivity/common/com.android.net.flags-aconfig-java/android_common_apex30/javac/srcjars/com/android/net/flags/FeatureFlags.java,85,1,85,21,
Lcom/android/net/flags/FeatureFlags;->tetheringActiveSessionsMetrics()Z,out/soong/.intermediates/packages/modules/Connectivity/common/com.android.net.flags-aconfig-java/android_common_apex30/javac/srcjars/com/android/net/flags/FeatureFlags.java,89,1,89,21,
Lcom/android/net/flags/FeatureFlags;->tetheringActiveSessionsMetrics()Z,out/soong/.intermediates/packages/modules/Connectivity/common/com.android.net.flags-aconfig-java/android_common_apex30/javac/srcjars/com/android/net/flags/FeatureFlags.java,89,1,89,21,
Lcom/android/net/flags/FeatureFlags;->tetheringRequestVirtual()Z,out/soong/.intermediates/packages/modules/Connectivity/common/com.android.net.flags-aconfig-java/android_common_apex30/javac/srcjars/com/android/net/flags/FeatureFlags.java,93,1,93,21,
Lcom/android/net/flags/FeatureFlags;->tetheringRequestVirtual()Z,out/soong/.intermediates/packages/modules/Connectivity/common/com.android.net.flags-aconfig-java/android_common_apex30/javac/srcjars/com/android/net/flags/FeatureFlags.java,93,1,93,21,
Lcom/android/net/flags/FeatureFlags;->tetheringWithSoftApConfig()Z,out/soong/.intermediates/packages/modules/Connectivity/common/com.android.net.flags-aconfig-java/android_common_apex30/javac/srcjars/com/android/net/flags/FeatureFlags.java,97,1,97,21,
Lcom/android/net/flags/FeatureFlags;->tetheringWithSoftApConfig()Z,out/soong/.intermediates/packages/modules/Connectivity/common/com.android.net.flags-aconfig-java/android_common_apex30/javac/srcjars/com/android/net/flags/FeatureFlags.java,97,1,97,21,
Lcom/android/net/flags/FeatureFlagsImpl;->basicBackgroundRestrictionsEnabled()Z,out/soong/.intermediates/packages/modules/Connectivity/common/com.android.net.flags-aconfig-java/android_common_apex30/javac/srcjars/com/android/net/flags/FeatureFlagsImpl.java,8,1,8,21,
Lcom/android/net/flags/FeatureFlagsImpl;->basicBackgroundRestrictionsEnabled()Z,out/soong/.intermediates/packages/modules/Connectivity/common/com.android.net.flags-aconfig-java/android_common_apex30/javac/srcjars/com/android/net/flags/FeatureFlagsImpl.java,8,1,8,21,
Lcom/android/net/flags/FeatureFlagsImpl;->blockedReasonNetworkRestricted()Z,out/soong/.intermediates/packages/modules/Connectivity/common/com.android.net.flags-aconfig-java/android_common_apex30/javac/srcjars/com/android/net/flags/FeatureFlagsImpl.java,15,1,15,21,
Lcom/android/net/flags/FeatureFlagsImpl;->blockedReasonNetworkRestricted()Z,out/soong/.intermediates/packages/modules/Connectivity/common/com.android.net.flags-aconfig-java/android_common_apex30/javac/srcjars/com/android/net/flags/FeatureFlagsImpl.java,15,1,15,21,
Lcom/android/net/flags/FeatureFlagsImpl;->blockedReasonOemDenyChains()Z,out/soong/.intermediates/packages/modules/Connectivity/common/com.android.net.flags-aconfig-java/android_common_apex30/javac/srcjars/com/android/net/flags/FeatureFlagsImpl.java,22,1,22,21,
Lcom/android/net/flags/FeatureFlagsImpl;->blockedReasonOemDenyChains()Z,out/soong/.intermediates/packages/modules/Connectivity/common/com.android.net.flags-aconfig-java/android_common_apex30/javac/srcjars/com/android/net/flags/FeatureFlagsImpl.java,22,1,22,21,
Lcom/android/net/flags/FeatureFlagsImpl;->ethernetDesktopConfig()Z,out/soong/.intermediates/packages/modules/Connectivity/common/com.android.net.flags-aconfig-java/android_common_apex30/javac/srcjars/com/android/net/flags/FeatureFlagsImpl.java,29,1,29,21,
Lcom/android/net/flags/FeatureFlagsImpl;->ethernetDesktopConfig()Z,out/soong/.intermediates/packages/modules/Connectivity/common/com.android.net.flags-aconfig-java/android_common_apex30/javac/srcjars/com/android/net/flags/FeatureFlagsImpl.java,29,1,29,21,
Lcom/android/net/flags/FeatureFlagsImpl;->ipsecTransformState()Z,out/soong/.intermediates/packages/modules/Connectivity/common/com.android.net.flags-aconfig-java/android_common_apex30/javac/srcjars/com/android/net/flags/FeatureFlagsImpl.java,36,1,36,21,
Lcom/android/net/flags/FeatureFlagsImpl;->ipsecTransformState()Z,out/soong/.intermediates/packages/modules/Connectivity/common/com.android.net.flags-aconfig-java/android_common_apex30/javac/srcjars/com/android/net/flags/FeatureFlagsImpl.java,36,1,36,21,
Lcom/android/net/flags/FeatureFlagsImpl;->ipv6OverBle()Z,out/soong/.intermediates/packages/modules/Connectivity/common/com.android.net.flags-aconfig-java/android_common_apex30/javac/srcjars/com/android/net/flags/FeatureFlagsImpl.java,43,1,43,21,
Lcom/android/net/flags/FeatureFlagsImpl;->ipv6OverBle()Z,out/soong/.intermediates/packages/modules/Connectivity/common/com.android.net.flags-aconfig-java/android_common_apex30/javac/srcjars/com/android/net/flags/FeatureFlagsImpl.java,43,1,43,21,
Lcom/android/net/flags/FeatureFlagsImpl;->mdnsAdvertisingImprovement()Z,out/soong/.intermediates/packages/modules/Connectivity/common/com.android.net.flags-aconfig-java/android_common_apex30/javac/srcjars/com/android/net/flags/FeatureFlagsImpl.java,50,1,50,21,
Lcom/android/net/flags/FeatureFlagsImpl;->mdnsAdvertisingImprovement()Z,out/soong/.intermediates/packages/modules/Connectivity/common/com.android.net.flags-aconfig-java/android_common_apex30/javac/srcjars/com/android/net/flags/FeatureFlagsImpl.java,50,1,50,21,
Lcom/android/net/flags/FeatureFlagsImpl;->meteredNetworkFirewallChains()Z,out/soong/.intermediates/packages/modules/Connectivity/common/com.android.net.flags-aconfig-java/android_common_apex30/javac/srcjars/com/android/net/flags/FeatureFlagsImpl.java,57,1,57,21,
Lcom/android/net/flags/FeatureFlagsImpl;->meteredNetworkFirewallChains()Z,out/soong/.intermediates/packages/modules/Connectivity/common/com.android.net.flags-aconfig-java/android_common_apex30/javac/srcjars/com/android/net/flags/FeatureFlagsImpl.java,57,1,57,21,
Lcom/android/net/flags/FeatureFlagsImpl;->netCapabilityLocalNetwork()Z,out/soong/.intermediates/packages/modules/Connectivity/common/com.android.net.flags-aconfig-java/android_common_apex30/javac/srcjars/com/android/net/flags/FeatureFlagsImpl.java,64,1,64,21,
Lcom/android/net/flags/FeatureFlagsImpl;->netCapabilityLocalNetwork()Z,out/soong/.intermediates/packages/modules/Connectivity/common/com.android.net.flags-aconfig-java/android_common_apex30/javac/srcjars/com/android/net/flags/FeatureFlagsImpl.java,64,1,64,21,
Lcom/android/net/flags/FeatureFlagsImpl;->netCapabilityNotBandwidthConstrained()Z,out/soong/.intermediates/packages/modules/Connectivity/common/com.android.net.flags-aconfig-java/android_common_apex30/javac/srcjars/com/android/net/flags/FeatureFlagsImpl.java,71,1,71,21,
Lcom/android/net/flags/FeatureFlagsImpl;->netCapabilityNotBandwidthConstrained()Z,out/soong/.intermediates/packages/modules/Connectivity/common/com.android.net.flags-aconfig-java/android_common_apex30/javac/srcjars/com/android/net/flags/FeatureFlagsImpl.java,71,1,71,21,
Lcom/android/net/flags/FeatureFlagsImpl;->netstatsAddEntries()Z,out/soong/.intermediates/packages/modules/Connectivity/common/com.android.net.flags-aconfig-java/android_common_apex30/javac/srcjars/com/android/net/flags/FeatureFlagsImpl.java,78,1,78,21,
Lcom/android/net/flags/FeatureFlagsImpl;->netstatsAddEntries()Z,out/soong/.intermediates/packages/modules/Connectivity/common/com.android.net.flags-aconfig-java/android_common_apex30/javac/srcjars/com/android/net/flags/FeatureFlagsImpl.java,78,1,78,21,
Lcom/android/net/flags/FeatureFlagsImpl;->netstatsTransportType()Z,out/soong/.intermediates/packages/modules/Connectivity/common/com.android.net.flags-aconfig-java/android_common_apex30/javac/srcjars/com/android/net/flags/FeatureFlagsImpl.java,85,1,85,21,
Lcom/android/net/flags/FeatureFlagsImpl;->netstatsTransportType()Z,out/soong/.intermediates/packages/modules/Connectivity/common/com.android.net.flags-aconfig-java/android_common_apex30/javac/srcjars/com/android/net/flags/FeatureFlagsImpl.java,85,1,85,21,
Lcom/android/net/flags/FeatureFlagsImpl;->nsdSubtypesSupportEnabled()Z,out/soong/.intermediates/packages/modules/Connectivity/common/com.android.net.flags-aconfig-java/android_common_apex30/javac/srcjars/com/android/net/flags/FeatureFlagsImpl.java,92,1,92,21,
Lcom/android/net/flags/FeatureFlagsImpl;->nsdSubtypesSupportEnabled()Z,out/soong/.intermediates/packages/modules/Connectivity/common/com.android.net.flags-aconfig-java/android_common_apex30/javac/srcjars/com/android/net/flags/FeatureFlagsImpl.java,92,1,92,21,
Lcom/android/net/flags/FeatureFlagsImpl;->qosFilterIpRangeMatching()Z,out/soong/.intermediates/packages/modules/Connectivity/common/com.android.net.flags-aconfig-java/android_common_apex30/javac/srcjars/com/android/net/flags/FeatureFlagsImpl.java,99,1,99,21,
Lcom/android/net/flags/FeatureFlagsImpl;->qosFilterIpRangeMatching()Z,out/soong/.intermediates/packages/modules/Connectivity/common/com.android.net.flags-aconfig-java/android_common_apex30/javac/srcjars/com/android/net/flags/FeatureFlagsImpl.java,99,1,99,21,
Lcom/android/net/flags/FeatureFlagsImpl;->registerNsdOffloadEngineApi()Z,out/soong/.intermediates/packages/modules/Connectivity/common/com.android.net.flags-aconfig-java/android_common_apex30/javac/srcjars/com/android/net/flags/FeatureFlagsImpl.java,106,1,106,21,
Lcom/android/net/flags/FeatureFlagsImpl;->registerNsdOffloadEngineApi()Z,out/soong/.intermediates/packages/modules/Connectivity/common/com.android.net.flags-aconfig-java/android_common_apex30/javac/srcjars/com/android/net/flags/FeatureFlagsImpl.java,106,1,106,21,
Lcom/android/net/flags/FeatureFlagsImpl;->requestRestrictedWifi()Z,out/soong/.intermediates/packages/modules/Connectivity/common/com.android.net.flags-aconfig-java/android_common_apex30/javac/srcjars/com/android/net/flags/FeatureFlagsImpl.java,113,1,113,21,
Lcom/android/net/flags/FeatureFlagsImpl;->requestRestrictedWifi()Z,out/soong/.intermediates/packages/modules/Connectivity/common/com.android.net.flags-aconfig-java/android_common_apex30/javac/srcjars/com/android/net/flags/FeatureFlagsImpl.java,113,1,113,21,
Lcom/android/net/flags/FeatureFlagsImpl;->restrictLocalNetwork()Z,out/soong/.intermediates/packages/modules/Connectivity/common/com.android.net.flags-aconfig-java/android_common_apex30/javac/srcjars/com/android/net/flags/FeatureFlagsImpl.java,120,1,120,21,
Lcom/android/net/flags/FeatureFlagsImpl;->restrictLocalNetwork()Z,out/soong/.intermediates/packages/modules/Connectivity/common/com.android.net.flags-aconfig-java/android_common_apex30/javac/srcjars/com/android/net/flags/FeatureFlagsImpl.java,120,1,120,21,
Lcom/android/net/flags/FeatureFlagsImpl;->setDataSaverViaCm()Z,out/soong/.intermediates/packages/modules/Connectivity/common/com.android.net.flags-aconfig-java/android_common_apex30/javac/srcjars/com/android/net/flags/FeatureFlagsImpl.java,127,1,127,21,
Lcom/android/net/flags/FeatureFlagsImpl;->setDataSaverViaCm()Z,out/soong/.intermediates/packages/modules/Connectivity/common/com.android.net.flags-aconfig-java/android_common_apex30/javac/srcjars/com/android/net/flags/FeatureFlagsImpl.java,127,1,127,21,
Lcom/android/net/flags/FeatureFlagsImpl;->supportIsUidNetworkingBlocked()Z,out/soong/.intermediates/packages/modules/Connectivity/common/com.android.net.flags-aconfig-java/android_common_apex30/javac/srcjars/com/android/net/flags/FeatureFlagsImpl.java,134,1,134,21,
Lcom/android/net/flags/FeatureFlagsImpl;->supportIsUidNetworkingBlocked()Z,out/soong/.intermediates/packages/modules/Connectivity/common/com.android.net.flags-aconfig-java/android_common_apex30/javac/srcjars/com/android/net/flags/FeatureFlagsImpl.java,134,1,134,21,
Lcom/android/net/flags/FeatureFlagsImpl;->supportTransportSatellite()Z,out/soong/.intermediates/packages/modules/Connectivity/common/com.android.net.flags-aconfig-java/android_common_apex30/javac/srcjars/com/android/net/flags/FeatureFlagsImpl.java,141,1,141,21,
Lcom/android/net/flags/FeatureFlagsImpl;->supportTransportSatellite()Z,out/soong/.intermediates/packages/modules/Connectivity/common/com.android.net.flags-aconfig-java/android_common_apex30/javac/srcjars/com/android/net/flags/FeatureFlagsImpl.java,141,1,141,21,
Lcom/android/net/flags/FeatureFlagsImpl;->tetheringActiveSessionsMetrics()Z,out/soong/.intermediates/packages/modules/Connectivity/common/com.android.net.flags-aconfig-java/android_common_apex30/javac/srcjars/com/android/net/flags/FeatureFlagsImpl.java,148,1,148,21,
Lcom/android/net/flags/FeatureFlagsImpl;->tetheringActiveSessionsMetrics()Z,out/soong/.intermediates/packages/modules/Connectivity/common/com.android.net.flags-aconfig-java/android_common_apex30/javac/srcjars/com/android/net/flags/FeatureFlagsImpl.java,148,1,148,21,
Lcom/android/net/flags/FeatureFlagsImpl;->tetheringRequestVirtual()Z,out/soong/.intermediates/packages/modules/Connectivity/common/com.android.net.flags-aconfig-java/android_common_apex30/javac/srcjars/com/android/net/flags/FeatureFlagsImpl.java,155,1,155,21,
Lcom/android/net/flags/FeatureFlagsImpl;->tetheringRequestVirtual()Z,out/soong/.intermediates/packages/modules/Connectivity/common/com.android.net.flags-aconfig-java/android_common_apex30/javac/srcjars/com/android/net/flags/FeatureFlagsImpl.java,155,1,155,21,
Lcom/android/net/flags/FeatureFlagsImpl;->tetheringWithSoftApConfig()Z,out/soong/.intermediates/packages/modules/Connectivity/common/com.android.net.flags-aconfig-java/android_common_apex30/javac/srcjars/com/android/net/flags/FeatureFlagsImpl.java,162,1,162,21,
Lcom/android/net/flags/FeatureFlagsImpl;->tetheringWithSoftApConfig()Z,out/soong/.intermediates/packages/modules/Connectivity/common/com.android.net.flags-aconfig-java/android_common_apex30/javac/srcjars/com/android/net/flags/FeatureFlagsImpl.java,162,1,162,21,
Lcom/android/net/flags/Flags;->basicBackgroundRestrictionsEnabled()Z,out/soong/.intermediates/packages/modules/Connectivity/common/com.android.net.flags-aconfig-java/android_common_apex30/javac/srcjars/com/android/net/flags/Flags.java,54,57,54,77,
Lcom/android/net/flags/Flags;->basicBackgroundRestrictionsEnabled()Z,out/soong/.intermediates/packages/modules/Connectivity/common/com.android.net.flags-aconfig-java/android_common_apex30/javac/srcjars/com/android/net/flags/Flags.java,54,57,54,77,
Lcom/android/net/flags/Flags;->blockedReasonNetworkRestricted()Z,out/soong/.intermediates/packages/modules/Connectivity/common/com.android.net.flags-aconfig-java/android_common_apex30/javac/srcjars/com/android/net/flags/Flags.java,60,57,60,77,
Lcom/android/net/flags/Flags;->blockedReasonNetworkRestricted()Z,out/soong/.intermediates/packages/modules/Connectivity/common/com.android.net.flags-aconfig-java/android_common_apex30/javac/srcjars/com/android/net/flags/Flags.java,60,57,60,77,
Lcom/android/net/flags/Flags;->blockedReasonOemDenyChains()Z,out/soong/.intermediates/packages/modules/Connectivity/common/com.android.net.flags-aconfig-java/android_common_apex30/javac/srcjars/com/android/net/flags/Flags.java,66,57,66,77,
Lcom/android/net/flags/Flags;->blockedReasonOemDenyChains()Z,out/soong/.intermediates/packages/modules/Connectivity/common/com.android.net.flags-aconfig-java/android_common_apex30/javac/srcjars/com/android/net/flags/Flags.java,66,57,66,77,
Lcom/android/net/flags/Flags;->ethernetDesktopConfig()Z,out/soong/.intermediates/packages/modules/Connectivity/common/com.android.net.flags-aconfig-java/android_common_apex30/javac/srcjars/com/android/net/flags/Flags.java,72,57,72,77,
Lcom/android/net/flags/Flags;->ethernetDesktopConfig()Z,out/soong/.intermediates/packages/modules/Connectivity/common/com.android.net.flags-aconfig-java/android_common_apex30/javac/srcjars/com/android/net/flags/Flags.java,72,57,72,77,
Lcom/android/net/flags/Flags;->ipsecTransformState()Z,out/soong/.intermediates/packages/modules/Connectivity/common/com.android.net.flags-aconfig-java/android_common_apex30/javac/srcjars/com/android/net/flags/Flags.java,78,57,78,77,
Lcom/android/net/flags/Flags;->ipsecTransformState()Z,out/soong/.intermediates/packages/modules/Connectivity/common/com.android.net.flags-aconfig-java/android_common_apex30/javac/srcjars/com/android/net/flags/Flags.java,78,57,78,77,
Lcom/android/net/flags/Flags;->ipv6OverBle()Z,out/soong/.intermediates/packages/modules/Connectivity/common/com.android.net.flags-aconfig-java/android_common_apex30/javac/srcjars/com/android/net/flags/Flags.java,84,57,84,77,
Lcom/android/net/flags/Flags;->ipv6OverBle()Z,out/soong/.intermediates/packages/modules/Connectivity/common/com.android.net.flags-aconfig-java/android_common_apex30/javac/srcjars/com/android/net/flags/Flags.java,84,57,84,77,
Lcom/android/net/flags/Flags;->mdnsAdvertisingImprovement()Z,out/soong/.intermediates/packages/modules/Connectivity/common/com.android.net.flags-aconfig-java/android_common_apex30/javac/srcjars/com/android/net/flags/Flags.java,90,57,90,77,
Lcom/android/net/flags/Flags;->mdnsAdvertisingImprovement()Z,out/soong/.intermediates/packages/modules/Connectivity/common/com.android.net.flags-aconfig-java/android_common_apex30/javac/srcjars/com/android/net/flags/Flags.java,90,57,90,77,
Lcom/android/net/flags/Flags;->meteredNetworkFirewallChains()Z,out/soong/.intermediates/packages/modules/Connectivity/common/com.android.net.flags-aconfig-java/android_common_apex30/javac/srcjars/com/android/net/flags/Flags.java,96,57,96,77,
Lcom/android/net/flags/Flags;->meteredNetworkFirewallChains()Z,out/soong/.intermediates/packages/modules/Connectivity/common/com.android.net.flags-aconfig-java/android_common_apex30/javac/srcjars/com/android/net/flags/Flags.java,96,57,96,77,
Lcom/android/net/flags/Flags;->netCapabilityLocalNetwork()Z,out/soong/.intermediates/packages/modules/Connectivity/common/com.android.net.flags-aconfig-java/android_common_apex30/javac/srcjars/com/android/net/flags/Flags.java,102,57,102,77,
Lcom/android/net/flags/Flags;->netCapabilityLocalNetwork()Z,out/soong/.intermediates/packages/modules/Connectivity/common/com.android.net.flags-aconfig-java/android_common_apex30/javac/srcjars/com/android/net/flags/Flags.java,102,57,102,77,
Lcom/android/net/flags/Flags;->netCapabilityNotBandwidthConstrained()Z,out/soong/.intermediates/packages/modules/Connectivity/common/com.android.net.flags-aconfig-java/android_common_apex30/javac/srcjars/com/android/net/flags/Flags.java,108,57,108,77,
Lcom/android/net/flags/Flags;->netCapabilityNotBandwidthConstrained()Z,out/soong/.intermediates/packages/modules/Connectivity/common/com.android.net.flags-aconfig-java/android_common_apex30/javac/srcjars/com/android/net/flags/Flags.java,108,57,108,77,
Lcom/android/net/flags/Flags;->netstatsAddEntries()Z,out/soong/.intermediates/packages/modules/Connectivity/common/com.android.net.flags-aconfig-java/android_common_apex30/javac/srcjars/com/android/net/flags/Flags.java,114,57,114,77,
Lcom/android/net/flags/Flags;->netstatsAddEntries()Z,out/soong/.intermediates/packages/modules/Connectivity/common/com.android.net.flags-aconfig-java/android_common_apex30/javac/srcjars/com/android/net/flags/Flags.java,114,57,114,77,
Lcom/android/net/flags/Flags;->netstatsTransportType()Z,out/soong/.intermediates/packages/modules/Connectivity/common/com.android.net.flags-aconfig-java/android_common_apex30/javac/srcjars/com/android/net/flags/Flags.java,120,57,120,77,
Lcom/android/net/flags/Flags;->netstatsTransportType()Z,out/soong/.intermediates/packages/modules/Connectivity/common/com.android.net.flags-aconfig-java/android_common_apex30/javac/srcjars/com/android/net/flags/Flags.java,120,57,120,77,
Lcom/android/net/flags/Flags;->nsdSubtypesSupportEnabled()Z,out/soong/.intermediates/packages/modules/Connectivity/common/com.android.net.flags-aconfig-java/android_common_apex30/javac/srcjars/com/android/net/flags/Flags.java,126,57,126,77,
Lcom/android/net/flags/Flags;->nsdSubtypesSupportEnabled()Z,out/soong/.intermediates/packages/modules/Connectivity/common/com.android.net.flags-aconfig-java/android_common_apex30/javac/srcjars/com/android/net/flags/Flags.java,126,57,126,77,
Lcom/android/net/flags/Flags;->qosFilterIpRangeMatching()Z,out/soong/.intermediates/packages/modules/Connectivity/common/com.android.net.flags-aconfig-java/android_common_apex30/javac/srcjars/com/android/net/flags/Flags.java,132,57,132,77,
Lcom/android/net/flags/Flags;->qosFilterIpRangeMatching()Z,out/soong/.intermediates/packages/modules/Connectivity/common/com.android.net.flags-aconfig-java/android_common_apex30/javac/srcjars/com/android/net/flags/Flags.java,132,57,132,77,
Lcom/android/net/flags/Flags;->registerNsdOffloadEngineApi()Z,out/soong/.intermediates/packages/modules/Connectivity/common/com.android.net.flags-aconfig-java/android_common_apex30/javac/srcjars/com/android/net/flags/Flags.java,138,57,138,77,
Lcom/android/net/flags/Flags;->registerNsdOffloadEngineApi()Z,out/soong/.intermediates/packages/modules/Connectivity/common/com.android.net.flags-aconfig-java/android_common_apex30/javac/srcjars/com/android/net/flags/Flags.java,138,57,138,77,
Lcom/android/net/flags/Flags;->requestRestrictedWifi()Z,out/soong/.intermediates/packages/modules/Connectivity/common/com.android.net.flags-aconfig-java/android_common_apex30/javac/srcjars/com/android/net/flags/Flags.java,144,57,144,77,
Lcom/android/net/flags/Flags;->requestRestrictedWifi()Z,out/soong/.intermediates/packages/modules/Connectivity/common/com.android.net.flags-aconfig-java/android_common_apex30/javac/srcjars/com/android/net/flags/Flags.java,144,57,144,77,
Lcom/android/net/flags/Flags;->restrictLocalNetwork()Z,out/soong/.intermediates/packages/modules/Connectivity/common/com.android.net.flags-aconfig-java/android_common_apex30/javac/srcjars/com/android/net/flags/Flags.java,150,57,150,77,
Lcom/android/net/flags/Flags;->restrictLocalNetwork()Z,out/soong/.intermediates/packages/modules/Connectivity/common/com.android.net.flags-aconfig-java/android_common_apex30/javac/srcjars/com/android/net/flags/Flags.java,150,57,150,77,
Lcom/android/net/flags/Flags;->setDataSaverViaCm()Z,out/soong/.intermediates/packages/modules/Connectivity/common/com.android.net.flags-aconfig-java/android_common_apex30/javac/srcjars/com/android/net/flags/Flags.java,156,57,156,77,
Lcom/android/net/flags/Flags;->setDataSaverViaCm()Z,out/soong/.intermediates/packages/modules/Connectivity/common/com.android.net.flags-aconfig-java/android_common_apex30/javac/srcjars/com/android/net/flags/Flags.java,156,57,156,77,
Lcom/android/net/flags/Flags;->supportIsUidNetworkingBlocked()Z,out/soong/.intermediates/packages/modules/Connectivity/common/com.android.net.flags-aconfig-java/android_common_apex30/javac/srcjars/com/android/net/flags/Flags.java,162,57,162,77,
Lcom/android/net/flags/Flags;->supportIsUidNetworkingBlocked()Z,out/soong/.intermediates/packages/modules/Connectivity/common/com.android.net.flags-aconfig-java/android_common_apex30/javac/srcjars/com/android/net/flags/Flags.java,162,57,162,77,
Lcom/android/net/flags/Flags;->supportTransportSatellite()Z,out/soong/.intermediates/packages/modules/Connectivity/common/com.android.net.flags-aconfig-java/android_common_apex30/javac/srcjars/com/android/net/flags/Flags.java,168,57,168,77,
Lcom/android/net/flags/Flags;->supportTransportSatellite()Z,out/soong/.intermediates/packages/modules/Connectivity/common/com.android.net.flags-aconfig-java/android_common_apex30/javac/srcjars/com/android/net/flags/Flags.java,168,57,168,77,
Lcom/android/net/flags/Flags;->tetheringActiveSessionsMetrics()Z,out/soong/.intermediates/packages/modules/Connectivity/common/com.android.net.flags-aconfig-java/android_common_apex30/javac/srcjars/com/android/net/flags/Flags.java,174,57,174,77,
Lcom/android/net/flags/Flags;->tetheringActiveSessionsMetrics()Z,out/soong/.intermediates/packages/modules/Connectivity/common/com.android.net.flags-aconfig-java/android_common_apex30/javac/srcjars/com/android/net/flags/Flags.java,174,57,174,77,
Lcom/android/net/flags/Flags;->tetheringRequestVirtual()Z,out/soong/.intermediates/packages/modules/Connectivity/common/com.android.net.flags-aconfig-java/android_common_apex30/javac/srcjars/com/android/net/flags/Flags.java,180,57,180,77,
Lcom/android/net/flags/Flags;->tetheringRequestVirtual()Z,out/soong/.intermediates/packages/modules/Connectivity/common/com.android.net.flags-aconfig-java/android_common_apex30/javac/srcjars/com/android/net/flags/Flags.java,180,57,180,77,
Lcom/android/net/flags/Flags;->tetheringWithSoftApConfig()Z,out/soong/.intermediates/packages/modules/Connectivity/common/com.android.net.flags-aconfig-java/android_common_apex30/javac/srcjars/com/android/net/flags/Flags.java,186,57,186,77,
Lcom/android/net/flags/Flags;->tetheringWithSoftApConfig()Z,out/soong/.intermediates/packages/modules/Connectivity/common/com.android.net.flags-aconfig-java/android_common_apex30/javac/srcjars/com/android/net/flags/Flags.java,186,57,186,77,
Lcom/android/net/thread/flags/CustomFeatureFlags;->channelMaxPowersEnabled()Z,out/soong/.intermediates/packages/modules/Connectivity/common/com.android.net.thread.flags-aconfig-java/android_common_apex30/javac/srcjars/com/android/net/thread/flags/CustomFeatureFlags.java,20,1,20,21,
Lcom/android/net/thread/flags/CustomFeatureFlags;->configurationEnabled()Z,out/soong/.intermediates/packages/modules/Connectivity/common/com.android.net.thread.flags-aconfig-java/android_common_apex30/javac/srcjars/com/android/net/thread/flags/CustomFeatureFlags.java,27,1,27,21,
Lcom/android/net/thread/flags/CustomFeatureFlags;->epskcEnabled()Z,out/soong/.intermediates/packages/modules/Connectivity/common/com.android.net.thread.flags-aconfig-java/android_common_apex30/javac/srcjars/com/android/net/thread/flags/CustomFeatureFlags.java,34,1,34,21,
Lcom/android/net/thread/flags/CustomFeatureFlags;->setNat64ConfigurationEnabled()Z,out/soong/.intermediates/packages/modules/Connectivity/common/com.android.net.thread.flags-aconfig-java/android_common_apex30/javac/srcjars/com/android/net/thread/flags/CustomFeatureFlags.java,41,1,41,21,
Lcom/android/net/thread/flags/CustomFeatureFlags;->threadEnabled()Z,out/soong/.intermediates/packages/modules/Connectivity/common/com.android.net.thread.flags-aconfig-java/android_common_apex30/javac/srcjars/com/android/net/thread/flags/CustomFeatureFlags.java,48,1,48,21,
Lcom/android/net/thread/flags/CustomFeatureFlags;->threadMobileEnabled()Z,out/soong/.intermediates/packages/modules/Connectivity/common/com.android.net.thread.flags-aconfig-java/android_common_apex30/javac/srcjars/com/android/net/thread/flags/CustomFeatureFlags.java,55,1,55,21,
Lcom/android/net/thread/flags/FeatureFlags;->channelMaxPowersEnabled()Z,out/soong/.intermediates/packages/modules/Connectivity/common/com.android.net.thread.flags-aconfig-java/android_common_apex30/javac/srcjars/com/android/net/thread/flags/FeatureFlags.java,9,1,9,21,
Lcom/android/net/thread/flags/FeatureFlags;->configurationEnabled()Z,out/soong/.intermediates/packages/modules/Connectivity/common/com.android.net.thread.flags-aconfig-java/android_common_apex30/javac/srcjars/com/android/net/thread/flags/FeatureFlags.java,13,1,13,21,
Lcom/android/net/thread/flags/FeatureFlags;->epskcEnabled()Z,out/soong/.intermediates/packages/modules/Connectivity/common/com.android.net.thread.flags-aconfig-java/android_common_apex30/javac/srcjars/com/android/net/thread/flags/FeatureFlags.java,17,1,17,21,
Lcom/android/net/thread/flags/FeatureFlags;->setNat64ConfigurationEnabled()Z,out/soong/.intermediates/packages/modules/Connectivity/common/com.android.net.thread.flags-aconfig-java/android_common_apex30/javac/srcjars/com/android/net/thread/flags/FeatureFlags.java,21,1,21,21,
Lcom/android/net/thread/flags/FeatureFlags;->threadEnabled()Z,out/soong/.intermediates/packages/modules/Connectivity/common/com.android.net.thread.flags-aconfig-java/android_common_apex30/javac/srcjars/com/android/net/thread/flags/FeatureFlags.java,25,1,25,21,
Lcom/android/net/thread/flags/FeatureFlags;->threadMobileEnabled()Z,out/soong/.intermediates/packages/modules/Connectivity/common/com.android.net.thread.flags-aconfig-java/android_common_apex30/javac/srcjars/com/android/net/thread/flags/FeatureFlags.java,29,1,29,21,
Lcom/android/net/thread/flags/FeatureFlagsImpl;->channelMaxPowersEnabled()Z,out/soong/.intermediates/packages/modules/Connectivity/common/com.android.net.thread.flags-aconfig-java/android_common_apex30/javac/srcjars/com/android/net/thread/flags/FeatureFlagsImpl.java,8,1,8,21,
Lcom/android/net/thread/flags/FeatureFlagsImpl;->configurationEnabled()Z,out/soong/.intermediates/packages/modules/Connectivity/common/com.android.net.thread.flags-aconfig-java/android_common_apex30/javac/srcjars/com/android/net/thread/flags/FeatureFlagsImpl.java,15,1,15,21,
Lcom/android/net/thread/flags/FeatureFlagsImpl;->epskcEnabled()Z,out/soong/.intermediates/packages/modules/Connectivity/common/com.android.net.thread.flags-aconfig-java/android_common_apex30/javac/srcjars/com/android/net/thread/flags/FeatureFlagsImpl.java,22,1,22,21,
Lcom/android/net/thread/flags/FeatureFlagsImpl;->setNat64ConfigurationEnabled()Z,out/soong/.intermediates/packages/modules/Connectivity/common/com.android.net.thread.flags-aconfig-java/android_common_apex30/javac/srcjars/com/android/net/thread/flags/FeatureFlagsImpl.java,29,1,29,21,
Lcom/android/net/thread/flags/FeatureFlagsImpl;->threadEnabled()Z,out/soong/.intermediates/packages/modules/Connectivity/common/com.android.net.thread.flags-aconfig-java/android_common_apex30/javac/srcjars/com/android/net/thread/flags/FeatureFlagsImpl.java,36,1,36,21,
Lcom/android/net/thread/flags/FeatureFlagsImpl;->threadMobileEnabled()Z,out/soong/.intermediates/packages/modules/Connectivity/common/com.android.net.thread.flags-aconfig-java/android_common_apex30/javac/srcjars/com/android/net/thread/flags/FeatureFlagsImpl.java,43,1,43,21,
Lcom/android/net/thread/flags/Flags;->channelMaxPowersEnabled()Z,out/soong/.intermediates/packages/modules/Connectivity/common/com.android.net.thread.flags-aconfig-java/android_common_apex30/javac/srcjars/com/android/net/thread/flags/Flags.java,20,57,20,77,
Lcom/android/net/thread/flags/Flags;->configurationEnabled()Z,out/soong/.intermediates/packages/modules/Connectivity/common/com.android.net.thread.flags-aconfig-java/android_common_apex30/javac/srcjars/com/android/net/thread/flags/Flags.java,26,57,26,77,
Lcom/android/net/thread/flags/Flags;->epskcEnabled()Z,out/soong/.intermediates/packages/modules/Connectivity/common/com.android.net.thread.flags-aconfig-java/android_common_apex30/javac/srcjars/com/android/net/thread/flags/Flags.java,32,57,32,77,
Lcom/android/net/thread/flags/Flags;->setNat64ConfigurationEnabled()Z,out/soong/.intermediates/packages/modules/Connectivity/common/com.android.net.thread.flags-aconfig-java/android_common_apex30/javac/srcjars/com/android/net/thread/flags/Flags.java,38,57,38,77,
Lcom/android/net/thread/flags/Flags;->threadEnabled()Z,out/soong/.intermediates/packages/modules/Connectivity/common/com.android.net.thread.flags-aconfig-java/android_common_apex30/javac/srcjars/com/android/net/thread/flags/Flags.java,44,57,44,77,
Lcom/android/net/thread/flags/Flags;->threadMobileEnabled()Z,out/soong/.intermediates/packages/modules/Connectivity/common/com.android.net.thread.flags-aconfig-java/android_common_apex30/javac/srcjars/com/android/net/thread/flags/Flags.java,50,57,50,77,
